{"epoch": [100, 200, 300, 400], "val_mrr": [0.23488293588161469, 0.24255037307739258, 0.24396727979183197, 0.24940846860408783], "val_mr": [198.34759521484375, 202.83889770507812, 210.86990356445312, 214.6551513671875], "val_hits10": [0.4205, 0.4337, 0.4325, 0.4401], "val_hits5": [0.3243, 0.3308, 0.3348, 0.339], "val_hits3": [0.2589, 0.2648, 0.2669, 0.2761], "val_hits1": [0.1436, 0.1529, 0.153, 0.1585]}