{"epoch": [100, 200, 300, 400, 500, 600, 700, 800, 900, 1000], "val_mrr": [0.24945339560508728, 0.2757929563522339, 0.28149786591529846, 0.2865481972694397, 0.287781298160553, 0.2871708571910858, 0.28784024715423584, 0.2927107810974121, 0.2914866805076599, 0.2906878888607025], "val_mr": [300.9361572265625, 219.1201934814453, 204.34164428710938, 202.8278045654297, 198.9814453125, 198.1446990966797, 199.11740112304688, 199.97059631347656, 199.41744995117188, 200.37060546875], "val_hits10": [0.4323, 0.4701, 0.4768, 0.4824, 0.4881, 0.4866, 0.4879, 0.4874, 0.4894, 0.4938], "val_hits5": [0.3446, 0.3768, 0.3805, 0.3833, 0.3888, 0.3895, 0.3877, 0.3919, 0.394, 0.3951], "val_hits3": [0.2768, 0.3029, 0.3137, 0.3151, 0.3188, 0.3207, 0.3189, 0.3222, 0.3276, 0.3217], "val_hits1": [0.1603, 0.1815, 0.1874, 0.1925, 0.1933, 0.1913, 0.1928, 0.1995, 0.1959, 0.1954]}