{"epoch": [100, 200, 300, 400, 500, 600, 700, 800, 900, 1000], "val_mrr": [0.2440321296453476, 0.2751277685165405, 0.2796728014945984, 0.2862447500228882, 0.28574833273887634, 0.2869938313961029, 0.29377591609954834, 0.29251378774642944, 0.2933400869369507, 0.29409027099609375], "val_mr": [307.3614501953125, 215.54159545898438, 203.57899475097656, 199.1498565673828, 197.4759521484375, 194.914306640625, 196.14004516601562, 197.36740112304688, 197.00399780273438, 199.74815368652344], "val_hits10": [0.4305, 0.4669, 0.475, 0.4807, 0.4816, 0.4823, 0.4866, 0.4821, 0.4831, 0.4851], "val_hits5": [0.3402, 0.3702, 0.3795, 0.3884, 0.3873, 0.3901, 0.3947, 0.3923, 0.3922, 0.393], "val_hits3": [0.2738, 0.3068, 0.3095, 0.3209, 0.3191, 0.3193, 0.3254, 0.3247, 0.3232, 0.3283], "val_hits1": [0.1541, 0.1827, 0.185, 0.1904, 0.19, 0.192, 0.2001, 0.1995, 0.2002, 0.1992]}