{"epoch": [100, 200, 300], "val_mrr": [0.23488293588161469, 0.24255037307739258, 0.24396727979183197], "val_mr": [198.34759521484375, 202.83889770507812, 210.86990356445312], "val_hits10": [0.4205, 0.4337, 0.4325], "val_hits5": [0.3243, 0.3308, 0.3348], "val_hits3": [0.2589, 0.2648, 0.2669], "val_hits1": [0.1436, 0.1529, 0.153]}