{"epoch": [100, 200, 300, 400, 500, 600, 700, 800, 900, 1000], "val_mrr": [0.23811696469783783, 0.24448221921920776, 0.24614545702934265, 0.24893085658550262, 0.2522701025009155, 0.2499358206987381, 0.25224149227142334, 0.25056371092796326, 0.2518063187599182, 0.2529677748680115], "val_mr": [184.20484924316406, 183.3939971923828, 189.4683074951172, 189.9792022705078, 194.23915100097656, 196.40040588378906, 197.54100036621094, 199.90155029296875, 205.28970336914062, 202.39529418945312], "val_hits10": [0.4196, 0.4294, 0.4318, 0.4433, 0.4435, 0.4433, 0.4455, 0.4444, 0.4463, 0.4438], "val_hits5": [0.3238, 0.3269, 0.3321, 0.3376, 0.3374, 0.3413, 0.3421, 0.3445, 0.3418, 0.3435], "val_hits3": [0.257, 0.2605, 0.2655, 0.2661, 0.2718, 0.2728, 0.2688, 0.2712, 0.269, 0.2711], "val_hits1": [0.1505, 0.1577, 0.158, 0.1596, 0.1637, 0.1591, 0.1628, 0.1598, 0.1625, 0.1625]}