{"epoch": [40, 80, 120, 160, 200, 240, 280, 320, 360, 400], "val_mrr": [0.1768859326839447, 0.2409815639257431, 0.26109954714775085, 0.26926517486572266, 0.27070605754852295, 0.27191397547721863, 0.27275633811950684, 0.2743200957775116, 0.2766216993331909, 0.2728012204170227], "val_mr": [1013.390380859375, 402.4353942871094, 293.7969055175781, 259.8096923828125, 243.1396942138672, 237.58290100097656, 233.18240356445312, 225.36900329589844, 226.48629760742188, 227.79559326171875], "val_hits10": [0.3086, 0.4149, 0.445, 0.4584, 0.4631, 0.467, 0.4653, 0.4647, 0.4666, 0.4652], "val_hits5": [0.2417, 0.3252, 0.3557, 0.367, 0.3684, 0.3714, 0.3725, 0.3741, 0.376, 0.3715], "val_hits3": [0.1966, 0.263, 0.2891, 0.3007, 0.2966, 0.3015, 0.3024, 0.3014, 0.3095, 0.3034], "val_hits1": [0.11, 0.1583, 0.1713, 0.1778, 0.1796, 0.1787, 0.179, 0.1812, 0.1822, 0.1787]}