{"epoch": [40, 80, 120, 160, 200], "val_mrr": [0.21364541351795197, 0.23909470438957214, 0.2470320761203766, 0.24796278774738312, 0.2572227418422699], "val_mr": [230.57679748535156, 205.31019592285156, 199.6981964111328, 196.6334991455078, 197.35020446777344], "val_hits10": [0.385, 0.4056, 0.4256, 0.4233, 0.441], "val_hits5": [0.2978, 0.3179, 0.3253, 0.3278, 0.3482], "val_hits3": [0.2381, 0.259, 0.2645, 0.2665, 0.2811], "val_hits1": [0.1284, 0.1565, 0.1629, 0.1633, 0.1675]}