{"epoch": [40, 80, 120, 160, 200, 240, 280, 320, 360, 400], "val_mrr": [0.23699355125427246, 0.24199281632900238, 0.25146546959877014, 0.2534902095794678, 0.25131121277809143, 0.25714901089668274, 0.2532978653907776, 0.25378355383872986, 0.260226845741272, 0.2580496668815613], "val_mr": [203.96170043945312, 194.62530517578125, 197.02659606933594, 200.04710388183594, 204.0592041015625, 206.30880737304688, 209.80470275878906, 211.3262939453125, 212.6757049560547, 219.27780151367188], "val_hits10": [0.4065, 0.4217, 0.4366, 0.4382, 0.4336, 0.4467, 0.4406, 0.4421, 0.4527, 0.4467], "val_hits5": [0.3151, 0.321, 0.3378, 0.3399, 0.3389, 0.3469, 0.3447, 0.3424, 0.3494, 0.3485], "val_hits3": [0.2585, 0.2585, 0.2723, 0.2754, 0.2704, 0.281, 0.2736, 0.276, 0.2844, 0.2822], "val_hits1": [0.1535, 0.1573, 0.1638, 0.1649, 0.164, 0.1662, 0.1637, 0.1637, 0.1693, 0.1675]}