{"epoch": [100, 200, 300, 400, 500, 600, 700, 800], "val_mrr": [0.24838069081306458, 0.24704717099666595, 0.260023295879364, 0.26046016812324524, 0.25942420959472656, 0.2586108148097992, 0.2656947672367096, 0.26988640427589417], "val_mr": [196.09669494628906, 197.2227020263672, 198.13999938964844, 195.72860717773438, 196.0471954345703, 189.0756072998047, 191.1201934814453, 191.52130126953125], "val_hits10": [0.426, 0.4316, 0.4387, 0.4392, 0.446, 0.4466, 0.4542, 0.4524], "val_hits5": [0.3338, 0.3304, 0.3478, 0.3473, 0.3461, 0.3515, 0.3553, 0.36], "val_hits3": [0.2706, 0.2681, 0.2846, 0.2836, 0.2819, 0.2789, 0.2883, 0.2947], "val_hits1": [0.1617, 0.1596, 0.1723, 0.1732, 0.1703, 0.1692, 0.1769, 0.1807]}