{"epoch": [100, 200, 300, 400, 500, 600, 700, 800, 900], "val_mrr": [0.243607759475708, 0.2572227418422699, 0.25028255581855774, 0.25250911712646484, 0.26154518127441406, 0.2625053822994232, 0.25652876496315, 0.2652758061885834, 0.2681025266647339], "val_mr": [199.24240112304688, 197.35020446777344, 194.77740478515625, 193.654296875, 194.02340698242188, 190.7541046142578, 188.29049682617188, 192.75929260253906, 190.41140747070312], "val_hits10": [0.4147, 0.441, 0.4309, 0.4327, 0.4408, 0.4482, 0.4416, 0.4522, 0.451], "val_hits5": [0.327, 0.3482, 0.3352, 0.3386, 0.3478, 0.3495, 0.343, 0.3546, 0.3575], "val_hits3": [0.2671, 0.2811, 0.2688, 0.2725, 0.2854, 0.2837, 0.2817, 0.2877, 0.2943], "val_hits1": [0.1589, 0.1675, 0.164, 0.1653, 0.1746, 0.1753, 0.1664, 0.1759, 0.1797]}