{"epoch": [40, 80, 120, 160, 200], "val_mrr": [0.21049970388412476, 0.23530849814414978, 0.24078147113323212, 0.2507525682449341, 0.24185600876808167], "val_mr": [230.29989624023438, 205.4134979248047, 199.5561981201172, 197.9936981201172, 196.84140014648438], "val_hits10": [0.3738, 0.4015, 0.4183, 0.4286, 0.4198], "val_hits5": [0.2844, 0.3112, 0.3266, 0.3334, 0.3224], "val_hits3": [0.231, 0.2563, 0.2631, 0.2713, 0.2601], "val_hits1": [0.1282, 0.1523, 0.1537, 0.1654, 0.1568]}