{"epoch": [40, 80, 120, 160, 200], "val_mrr": [0.23726193606853485, 0.2474643588066101, 0.25481414794921875, 0.2588394582271576, 0.2575300633907318], "val_mr": [219.49240112304688, 205.64210510253906, 203.04649353027344, 210.13330078125, 212.7761993408203], "val_hits10": [0.4131, 0.4309, 0.4398, 0.4438, 0.4457], "val_hits5": [0.32, 0.3394, 0.3429, 0.3523, 0.3483], "val_hits3": [0.258, 0.2717, 0.2788, 0.2867, 0.2812], "val_hits1": [0.1541, 0.1584, 0.1659, 0.1684, 0.1679]}