{"epoch": [40], "val_mrr": [0.21364541351795197], "val_mr": [230.57679748535156], "val_hits10": [0.385], "val_hits5": [0.2978], "val_hits3": [0.2381], "val_hits1": [0.1284]}