{"epoch": [1, 100, 200, 300, 400, 500, 600, 700, 800, 900, 1000], "val_mrr": [0.0008840457885526121, 0.24368490278720856, 0.25068429112434387, 0.2525999844074249, 0.24372312426567078, 0.25728511810302734, 0.26257339119911194, 0.25872769951820374, 0.25077736377716064, 0.2572105824947357, 0.25718021392822266], "val_mr": [7301.166015625, 204.0688934326172, 195.90838623046875, 195.19215393066406, 192.02899169921875, 191.37310791015625, 193.77935791015625, 192.35397338867188, 195.8704071044922, 198.03817749023438, 190.402587890625], "val_hits10": [0.000855431993156544, 0.41793555745651556, 0.43384659252922725, 0.4372968349016253, 0.4305674365554605, 0.44365554605075563, 0.44530938123752495, 0.4439406900484745, 0.43826632449386943, 0.4451953236384374, 0.4481893356144853], "val_hits5": [0.0005417735956658112, 0.32586256059309954, 0.3397205588822355, 0.3422868548617052, 0.32897063016823497, 0.3452238380382093, 0.35041345879669233, 0.3454234388366125, 0.3412603364699173, 0.34653550042771597, 0.3457656116338751], "val_hits3": [0.0004562303963501568, 0.26521243227830055, 0.27530652979754777, 0.2772455089820359, 0.26427145708582833, 0.2806387225548902, 0.28477331052181354, 0.2809238665526091, 0.27553464499572283, 0.28175078414599375, 0.2802680353578557], "val_hits1": [0.0001996007984031936, 0.15831194753350442, 0.1619332763045338, 0.16250356429997148, 0.1555460507556316, 0.1677502138579983, 0.1744796122041631, 0.1696321642429427, 0.1600228115198175, 0.1662104362703165, 0.16692329626461364]}