{"epoch": [1, 100, 200, 300, 400, 500, 600, 700, 800, 900, 1000], "val_mrr": [0.0010087804403156042, 0.24027986824512482, 0.23989370465278625, 0.25315022468566895, 0.25266435742378235, 0.2619439661502838, 0.25792309641838074, 0.2611904740333557, 0.26339074969291687, 0.2631756663322449, 0.26272648572921753], "val_mr": [7393.1015625, 209.3256072998047, 205.90145874023438, 204.36703491210938, 206.29067993164062, 206.96878051757812, 206.5283966064453, 204.97659301757812, 205.35443115234375, 206.1697235107422, 205.55865478515625], "val_hits10": [0.000855431993156544, 0.41397205588822356, 0.4193897918448817, 0.4337610493299116, 0.4364414029084688, 0.44473909324208727, 0.44938694040490446, 0.4495580268035358, 0.4520102651839179, 0.4532363843741089, 0.4523239235814086], "val_hits5": [0.0006273167949814657, 0.3245223838038209, 0.3253207869974337, 0.3382663244938694, 0.3405759908753921, 0.3540062731679498, 0.3506415739948674, 0.3538351867693185, 0.3540633019674936, 0.35594525235243796, 0.3538922155688623], "val_hits3": [0.0004847447961220416, 0.26238950670088396, 0.2605930995152552, 0.27613344739093243, 0.27573424579412603, 0.2872825777017394, 0.2840889649272883, 0.28748217850014257, 0.2887368120901055, 0.28810949529512403, 0.2885657256914742], "val_hits1": [0.000427715996578272, 0.1553464499572284, 0.15337895637296836, 0.1656686626746507, 0.1648987738808098, 0.172027373823781, 0.16675220986598233, 0.17011690903906473, 0.17293983461648132, 0.17236954662104362, 0.1709153122326775]}