{"epoch": [1, 100, 200, 300, 400, 500, 600, 700, 800, 900, 1000], "val_mrr": [0.10947464406490326, 0.2484501451253891, 0.2705642879009247, 0.2697838544845581, 0.26866284012794495, 0.2685143053531647, 0.2678048610687256, 0.2666972875595093, 0.264608770608902, 0.26580706238746643, 0.26475197076797485], "val_mr": [7296.3623046875, 388.948486328125, 320.07232666015625, 312.77606201171875, 307.3628234863281, 310.2110290527344, 315.6621398925781, 319.7645568847656, 318.8567199707031, 323.7684020996094, 328.7142333984375], "val_hits10": [0.10932420872540632, 0.4264328485885372, 0.4597661819218705, 0.46370116909039066, 0.4652979754776162, 0.46179070430567437, 0.4603649843170801, 0.458169375534645, 0.4578557171371543, 0.4568006843455945, 0.4568577131451383], "val_hits5": [0.10932420872540632, 0.3360422013116624, 0.36549757627601936, 0.36726546906187624, 0.3680923866552609, 0.3678357570573139, 0.36837753065297973, 0.3653264898773881, 0.36438551468491587, 0.3630453378956373, 0.36418591388651267], "val_hits3": [0.10932420872540632, 0.2743940690048475, 0.2996293128029655, 0.2986313088109495, 0.30062731679498145, 0.2985457656116339, 0.30028514399771883, 0.297034502423724, 0.2964357000285144, 0.2948959224408326, 0.29455374964357], "val_hits1": [0.10932420872540632, 0.16258910749928715, 0.18003992015968065, 0.17764471057884232, 0.17485029940119762, 0.17533504419731966, 0.1738808098089535, 0.1743085258055318, 0.17105788423153692, 0.17465069860279442, 0.17268320501853435]}