{"epoch": [1, 100, 200, 300, 400, 500, 600, 700, 800, 900, 1000], "val_mrr": [0.04817946255207062, 0.24772736430168152, 0.2678138017654419, 0.2708311080932617, 0.27190500497817993, 0.26785385608673096, 0.26608040928840637, 0.26751241087913513, 0.2631222903728485, 0.26361697912216187, 0.26148825883865356], "val_mr": [7307.73681640625, 336.8654479980469, 256.1537170410156, 240.8113250732422, 238.74082946777344, 237.50547790527344, 237.38800048828125, 239.5078125, 241.31631469726562, 241.00531005859375, 243.77194213867188], "val_hits10": [0.047961220416310235, 0.4278870829769033, 0.4583974907328201, 0.46387225548902195, 0.46909039064727687, 0.4688337610493299, 0.46632449386940406, 0.46561163387510696, 0.4665526090675791, 0.46558311947533504, 0.46104932991160535], "val_hits5": [0.047961220416310235, 0.33552894211576845, 0.36295979469632167, 0.36689478186484176, 0.37216994582264046, 0.3676931850584545, 0.36666666666666664, 0.36729398346164815, 0.36649558026803536, 0.36535500427715994, 0.3608497291132022], "val_hits3": [0.047961220416310235, 0.2745366410037069, 0.2934416880524665, 0.2998289136013687, 0.3007984031936128, 0.2962075848303393, 0.2968634160250927, 0.2983746792130026, 0.29406900484744797, 0.29241516966067865, 0.2900769888793841], "val_hits1": [0.047961220416310235, 0.15996578272027373, 0.17639007698887937, 0.17735956658112348, 0.17798688337610494, 0.17336755061305958, 0.1707157114342743, 0.1722269746221842, 0.1664385514684916, 0.16846307385229542, 0.16695181066438552]}