{"epoch": [1, 100, 200, 300, 400, 500, 600, 700, 800, 900], "val_mrr": [0.004750709980726242, 0.2497611939907074, 0.2647464871406555, 0.2670534551143646, 0.27397486567497253, 0.2761988341808319, 0.27707988023757935, 0.2752695381641388, 0.27933597564697266, 0.281379371881485], "val_mr": [7397.47314453125, 195.6658935546875, 201.80191040039062, 208.55894470214844, 200.7678680419922, 202.77706909179688, 199.70330810546875, 199.64376831054688, 197.90370178222656, 201.4539794921875], "val_hits10": [0.004448246364414029, 0.436384374108925, 0.45300826917593384, 0.45902480752780156, 0.4630738522954092, 0.4716566866267465, 0.4733390362132877, 0.47125748502994014, 0.47735956658112344, 0.47755916737952664], "val_hits5": [0.00433418876532649, 0.3339891645280867, 0.35337895637296834, 0.3604220131166239, 0.366324493869404, 0.3744225834046193, 0.3737097234103222, 0.3713430282292558, 0.3769318505845452, 0.37944111776447104], "val_hits3": [0.00433418876532649, 0.26857713145138296, 0.28845166809238665, 0.2919589392643285, 0.3002281151981751, 0.3063872255489022, 0.3050185343598517, 0.30256629597946966, 0.3077274023381808, 0.3122041631023667], "val_hits1": [0.00433418876532649, 0.1628172226974622, 0.17482178500142573, 0.1752209865982321, 0.18277730253778157, 0.18163672654690619, 0.18357570573139437, 0.18209295694325633, 0.18511548331907612, 0.18654120330767038]}