{"epoch": [1, 100, 200, 300, 400, 500, 600, 700, 800, 900, 1000], "val_mrr": [0.0008840457885526121, 0.23483222723007202, 0.2494402378797531, 0.2512621581554413, 0.24561373889446259, 0.2592863440513611, 0.2563956081867218, 0.2622150778770447, 0.2640702426433563, 0.2610817849636078, 0.26403939723968506], "val_mr": [7301.166015625, 201.33119201660156, 192.70068359375, 193.6846923828125, 189.76255798339844, 191.79991149902344, 190.63966369628906, 186.679931640625, 188.36241149902344, 189.40887451171875, 188.45526123046875], "val_hits10": [0.000855431993156544, 0.41114913031080697, 0.4358426005132592, 0.434416880524665, 0.4338180781294554, 0.44479612204163105, 0.44736241802110066, 0.4501568291987454, 0.452466495580268, 0.4520672939834616, 0.4568862275449102], "val_hits5": [0.0005417735956658112, 0.3156258910749929, 0.33838038209295696, 0.3380667236954662, 0.3352437981180496, 0.34699173082406615, 0.34930139720558884, 0.3523239235814086, 0.3551183347590533, 0.353464499572284, 0.3588822355289421], "val_hits3": [0.0004562303963501568, 0.2530652979754776, 0.2741944682064443, 0.27436555460507556, 0.26909039064727686, 0.28306244653550044, 0.282178500142572, 0.28659823210721413, 0.2904761904761905, 0.2838038209295694, 0.2893356144853151], "val_hits1": [0.0001996007984031936, 0.15075563159395494, 0.15959509552323922, 0.16250356429997148, 0.1553464499572284, 0.17028799543769604, 0.16441402908468777, 0.1723980610208155, 0.17351012261191903, 0.17023096663815226, 0.17208440262332478]}