{"epoch": [100, 200, 300, 400, 500, 600, 700, 800, 900, 1000], "val_mrr": [0.23208634555339813, 0.24185600876808167, 0.2603927552700043, 0.2581599950790405, 0.2587094008922577, 0.25340431928634644, 0.26112306118011475, 0.25922101736068726, 0.27083438634872437, 0.26890015602111816], "val_mr": [200.5904998779297, 196.84140014648438, 196.4541015625, 197.2864990234375, 189.1934051513672, 187.22329711914062, 182.43020629882812, 187.63040161132812, 190.63290405273438, 185.6407928466797], "val_hits10": [0.4017, 0.4198, 0.4364, 0.4389, 0.4424, 0.4388, 0.4477, 0.4423, 0.4586, 0.4585], "val_hits5": [0.3133, 0.3224, 0.3431, 0.3451, 0.3482, 0.3394, 0.3519, 0.3536, 0.3609, 0.3588], "val_hits3": [0.2504, 0.2601, 0.282, 0.2777, 0.2833, 0.2701, 0.2852, 0.2861, 0.2937, 0.2916], "val_hits1": [0.1492, 0.1568, 0.1749, 0.1709, 0.1686, 0.1663, 0.1708, 0.1679, 0.1819, 0.1795]}