{"epoch": [1, 100, 200, 300, 400, 500, 600, 700, 800, 900, 1000], "val_mrr": [0.0010087804403156042, 0.23666399717330933, 0.24769148230552673, 0.2377880960702896, 0.2510945200920105, 0.2605312764644623, 0.2468387484550476, 0.256323903799057, 0.25856536626815796, 0.26249539852142334, 0.26274430751800537], "val_mr": [7393.1015625, 210.85797119140625, 206.88522338867188, 208.32347106933594, 205.59432983398438, 204.50656127929688, 203.05776977539062, 203.6460723876953, 201.97000122070312, 205.67698669433594, 203.2276611328125], "val_hits10": [0.000855431993156544, 0.412375249500998, 0.4297975477616196, 0.41881950384944394, 0.4354719133162247, 0.44644995722840036, 0.43347590533219277, 0.4428001140575991, 0.44319931565440546, 0.4519532363843741, 0.4491588252067294], "val_hits5": [0.0006273167949814657, 0.3179355574565155, 0.33401767892785855, 0.32033076703735386, 0.33692614770459084, 0.35098374679213, 0.3332477901340177, 0.3453949244368406, 0.3472483604220131, 0.35306529797547764, 0.3534359851725121], "val_hits3": [0.0004847447961220416, 0.2538637011690904, 0.27065868263473053, 0.2579412603364699, 0.27191331622469345, 0.285143997718848, 0.26854861705161104, 0.27832905617336756, 0.2843455945252352, 0.2867122897063017, 0.28799543769603647], "val_hits1": [0.000427715996578272, 0.15317935557456516, 0.1600513259195894, 0.1513829483889364, 0.16401482748788138, 0.17179925862560594, 0.15865412033076703, 0.16749358426005131, 0.16863416025092673, 0.1721984602224123, 0.17313943541488452]}