{"epoch": [1, 100, 200, 300, 400, 500, 600, 700, 800, 900, 1000], "val_mrr": [0.004883842542767525, 0.25740936398506165, 0.26447615027427673, 0.2623502314090729, 0.27197450399398804, 0.27020901441574097, 0.28069180250167847, 0.2790999412536621, 0.282021701335907, 0.2794608771800995, 0.2833981513977051], "val_mr": [7386.8564453125, 198.9298553466797, 204.7193603515625, 209.54736328125, 205.0186767578125, 204.7733154296875, 206.16802978515625, 203.8271484375, 203.0667266845703, 206.02386474609375, 205.62554931640625], "val_hits10": [0.0045337895637296835, 0.4435129740518962, 0.45526090675791275, 0.4554034787567722, 0.4632164242942686, 0.46498431708012544, 0.47439406900484743, 0.47331052181351585, 0.4763615625891075, 0.4753920729968634, 0.48112346735101225], "val_hits5": [0.004505275163957798, 0.3431422868548617, 0.35469061876247504, 0.35560307955517534, 0.3651268890789849, 0.365098374679213, 0.3783005417735957, 0.3729968634160251, 0.37801539777587684, 0.3746792130025663, 0.38163672654690617], "val_hits3": [0.004448246364414029, 0.28001140575990874, 0.28790989449672083, 0.2865697177074423, 0.29726261762189904, 0.2938408896492729, 0.309409751924722, 0.30444824636441403, 0.3091816367265469, 0.30593099515255207, 0.3110065583119475], "val_hits1": [0.004448246364414029, 0.1696321642429427, 0.1742800114057599, 0.1711149130310807, 0.18112346735101226, 0.1783860849729113, 0.18745366410037068, 0.18733960650128315, 0.1894781864841745, 0.18682634730538922, 0.1899059024807528]}