{"epoch": [1, 100, 200, 300, 400, 500, 600, 700, 800, 900, 1000], "val_mrr": [0.004883842542767525, 0.22923634946346283, 0.24401815235614777, 0.24843432009220123, 0.24637240171432495, 0.25067827105522156, 0.25448596477508545, 0.2588186264038086, 0.258034348487854, 0.2580931782722473, 0.26324111223220825], "val_mr": [7386.8564453125, 329.18170166015625, 309.18682861328125, 305.0331115722656, 306.2760314941406, 295.60498046875, 291.0989990234375, 284.7353210449219, 280.24066162109375, 285.5951232910156, 277.9967956542969], "val_hits10": [0.0045337895637296835, 0.3844881665240947, 0.3996007984031936, 0.4106643855146849, 0.4093242087254063, 0.4168805246649558, 0.4204733390362133, 0.42540633019674934, 0.4266324493869404, 0.42423723980610206, 0.42711719418306243], "val_hits5": [0.004505275163957798, 0.3044767607641859, 0.32058739663530084, 0.330938123752495, 0.32711719418306245, 0.3324779013401768, 0.3376675220986598, 0.34214428286284576, 0.34265754205873966, 0.34265754205873966, 0.3467065868263473], "val_hits3": [0.004448246364414029, 0.24978614200171087, 0.26635300826917596, 0.2744796122041631, 0.2703735386370117, 0.274508126603935, 0.2806387225548902, 0.2848588537211292, 0.2868548617051611, 0.2859424009124608, 0.28944967208440264], "val_hits1": [0.004448246364414029, 0.15206729398346164, 0.16612489307100087, 0.16695181066438552, 0.16526946107784432, 0.16823495865412033, 0.17165668662674652, 0.17604790419161676, 0.17348160821214714, 0.1739093242087254, 0.18035357855717138]}