{"epoch": [1, 100, 200, 300, 400, 500, 600, 700, 800, 900, 1000], "val_mrr": [0.0010087804403156042, 0.2414529174566269, 0.2484382539987564, 0.26248201727867126, 0.2545742690563202, 0.25341731309890747, 0.25460368394851685, 0.2582123279571533, 0.2617815136909485, 0.25656598806381226, 0.2636881172657013], "val_mr": [7393.1015625, 201.306640625, 195.77719116210938, 196.0560302734375, 194.9639892578125, 195.85951232910156, 192.45083618164062, 192.4867706298828, 192.64157104492188, 191.64186096191406, 188.83966064453125], "val_hits10": [0.000855431993156544, 0.420045623039635, 0.4283147989734816, 0.4433704020530368, 0.4359281437125748, 0.44208725406330196, 0.4441117764471058, 0.447276874821785, 0.4482463644140291, 0.448018249215854, 0.45243798118049616], "val_hits5": [0.0006273167949814657, 0.32204163102366695, 0.33290561733675506, 0.3502994011976048, 0.341089250071286, 0.34342743085258054, 0.34510978043912177, 0.3488736812090106, 0.35004277159965785, 0.3479612204163102, 0.354205873966353], "val_hits3": [0.0004847447961220416, 0.2589392643284859, 0.27114342743085257, 0.28799543769603647, 0.2757912745936698, 0.2751069289991446, 0.27850014257199884, 0.2822925577416595, 0.284145993726832, 0.278471628172227, 0.2880239520958084], "val_hits1": [0.000427715996578272, 0.15708582834331336, 0.16127744510978043, 0.17439406900484744, 0.16712289706301683, 0.1641573994867408, 0.1639577986883376, 0.1677502138579983, 0.1731679498146564, 0.1658112346735101, 0.17313943541488452]}