{"epoch": [1, 100, 200, 300, 400, 500, 600, 700, 800, 900, 1000], "val_mrr": [0.04817946255207062, 0.2545947730541229, 0.2751450836658478, 0.27534279227256775, 0.27539724111557007, 0.27155977487564087, 0.26898714900016785, 0.26699569821357727, 0.2655194103717804, 0.26558050513267517, 0.26660072803497314], "val_mr": [7307.73681640625, 321.6841735839844, 249.8893585205078, 238.23104858398438, 236.9919891357422, 233.21925354003906, 235.0599365234375, 239.8963165283203, 238.9020538330078, 241.07139587402344, 246.1521759033203], "val_hits10": [0.047961220416310235, 0.4358426005132592, 0.4645280866837753, 0.46652409466780725, 0.46800684345594523, 0.46612489307100086, 0.4630453378956373, 0.46521243227830056, 0.46481323068149416, 0.4644425434844596, 0.4630453378956373], "val_hits5": [0.047961220416310235, 0.34151696606786425, 0.3704875962360992, 0.3713430282292558, 0.373510122611919, 0.36820644425434845, 0.3646991730824066, 0.3660678642714571, 0.3637867122897063, 0.36544054747647564, 0.3660108354719133], "val_hits3": [0.047961220416310235, 0.2782435129740519, 0.3026518391787853, 0.3047619047619048, 0.3068719703450242, 0.3005417735956658, 0.29900199600798405, 0.2956943256344454, 0.29498146564014827, 0.2957228400342173, 0.297034502423724], "val_hits1": [0.047961220416310235, 0.1680923866552609, 0.18426005132591958, 0.18212147134302822, 0.18129455374964357, 0.17832905617336756, 0.1756201881950385, 0.17288280581693755, 0.17142857142857143, 0.17063016823495866, 0.1718562874251497]}