{"epoch": [1, 100, 200, 300, 400, 500, 600, 700, 800, 900, 1000], "val_mrr": [0.004750709980726242, 0.2516223192214966, 0.2679719924926758, 0.27069205045700073, 0.2677308917045593, 0.276191771030426, 0.2760828733444214, 0.2725422978401184, 0.276059091091156, 0.28023162484169006, 0.2807941734790802], "val_mr": [7397.47314453125, 195.6431121826172, 200.47019958496094, 203.50479125976562, 200.15728759765625, 198.66952514648438, 199.1521453857422, 199.97581481933594, 200.81240844726562, 201.35760498046875, 201.32269287109375], "val_hits10": [0.004448246364414029, 0.44003421727972625, 0.4581123467351012, 0.46310236669518107, 0.4607641859138865, 0.4722554890219561, 0.47120045623039636, 0.4727402338180781, 0.47664670658682634, 0.4788423153692615, 0.4785856857713145], "val_hits5": [0.00433418876532649, 0.342828628457371, 0.35930995152552037, 0.36444254348445965, 0.3599372683205019, 0.37065868263473056, 0.37080125463359, 0.37031650983746794, 0.3741659538066724, 0.37927003136583975, 0.3794126033646992], "val_hits3": [0.00433418876532649, 0.27422298260621614, 0.2919589392643285, 0.29583689763330484, 0.29121756487025946, 0.303222127174223, 0.3025092671799259, 0.29937268320501853, 0.30105503279155976, 0.3093527231251782, 0.31026518391787855], "val_hits1": [0.00433418876532649, 0.16187624750499002, 0.17721699458226403, 0.17850014257199887, 0.17656116338751068, 0.18354719133162248, 0.18314798973481608, 0.17810094097519247, 0.18266324493869404, 0.1855717137154263, 0.18594240091246078]}