{"epoch": [1, 100, 200, 300, 400, 500, 600, 700, 800, 900, 1000], "val_mrr": [0.10947464406490326, 0.1040031686425209, 0.09853176027536392, 0.09226281940937042, 0.08679192513227463, 0.08211933076381683, 0.0783587247133255, 0.07488307356834412, 0.07169245928525925, 0.0699261948466301, 0.06730562448501587], "val_mr": [7296.3623046875, 7305.6337890625, 7314.8486328125, 7324.56640625, 7332.65087890625, 7339.0078125, 7343.88330078125, 7348.10791015625, 7352.009765625, 7354.24658203125, 7357.1953125], "val_hits10": [0.10932420872540632, 0.10384944396920445, 0.09837467921300257, 0.09210151126318791, 0.08662674650698603, 0.08195038494439692, 0.07818648417450813, 0.07470772740233818, 0.07151411462788708, 0.06974622184203022, 0.06712289706301683], "val_hits5": [0.10932420872540632, 0.10384944396920445, 0.09837467921300257, 0.09210151126318791, 0.08662674650698603, 0.08195038494439692, 0.07818648417450813, 0.07470772740233818, 0.07151411462788708, 0.06974622184203022, 0.06712289706301683], "val_hits3": [0.10932420872540632, 0.10384944396920445, 0.09837467921300257, 0.09210151126318791, 0.08662674650698603, 0.08195038494439692, 0.07818648417450813, 0.07470772740233818, 0.07151411462788708, 0.06974622184203022, 0.06712289706301683], "val_hits1": [0.10932420872540632, 0.10384944396920445, 0.09837467921300257, 0.09210151126318791, 0.08662674650698603, 0.08195038494439692, 0.07818648417450813, 0.07470772740233818, 0.07151411462788708, 0.06974622184203022, 0.06712289706301683]}