{"epoch": [1, 100, 200, 300, 400, 500, 600, 700, 800, 900, 1000], "val_mrr": [0.04817946255207062, 0.24841327965259552, 0.2749466896057129, 0.2820638120174408, 0.28395044803619385, 0.28705117106437683, 0.2885049879550934, 0.2877904772758484, 0.29036223888397217, 0.29029592871665955, 0.29020628333091736], "val_mr": [7307.73681640625, 287.0614929199219, 226.96580505371094, 218.90809631347656, 215.55300903320312, 214.89797973632812, 214.0908966064453, 214.4272918701172, 215.0936737060547, 215.24539184570312, 216.21542358398438], "val_hits10": [0.047961220416310235, 0.4369261477045908, 0.47028799543769606, 0.4761049329911605, 0.47915597376675223, 0.48192187054462504, 0.4827487881380097, 0.4855146849158825, 0.48679783290561734, 0.48639863130881095, 0.48910749928714], "val_hits5": [0.047961220416310235, 0.34302822925577414, 0.3752780153977759, 0.3810664385514685, 0.38340461933276304, 0.38753920729968633, 0.391331622469347, 0.39050470487596234, 0.3910749928714001, 0.39204448246364415, 0.3919589392643285], "val_hits3": [0.047961220416310235, 0.2761619617907043, 0.3052751639577987, 0.3133162246934702, 0.3141716566866267, 0.3182492158540063, 0.32092956943256346, 0.3214143142286855, 0.32269746221842033, 0.3240376390076989, 0.32289706301682347], "val_hits1": [0.047961220416310235, 0.15734245794126034, 0.18035357855717138, 0.18728257770173937, 0.18944967208440264, 0.19230111206159112, 0.19355574565155403, 0.19150270886797832, 0.19552323923581408, 0.19463929284288567, 0.19412603364699174]}