{"epoch": [100, 200, 300, 400, 500, 600, 700, 800, 900, 1000], "val_mrr": [0.2382146716117859, 0.2529281675815582, 0.24616992473602295, 0.259705126285553, 0.25899171829223633, 0.2577401399612427, 0.2503756284713745, 0.25790971517562866, 0.2704482972621918, 0.26337987184524536], "val_mr": [195.00120544433594, 193.68739318847656, 192.1551055908203, 197.9752960205078, 199.76519775390625, 192.72850036621094, 195.61459350585938, 194.9976043701172, 196.66180419921875, 189.5167999267578], "val_hits10": [0.4111, 0.4358, 0.4309, 0.4448, 0.447, 0.4434, 0.4396, 0.4445, 0.459, 0.449], "val_hits5": [0.3142, 0.3396, 0.3282, 0.3482, 0.3481, 0.3534, 0.3376, 0.3482, 0.3673, 0.3551], "val_hits3": [0.2559, 0.2769, 0.2649, 0.2849, 0.2829, 0.2828, 0.2748, 0.2809, 0.297, 0.2878], "val_hits1": [0.1554, 0.1642, 0.1598, 0.1716, 0.1698, 0.1664, 0.1607, 0.168, 0.1791, 0.1733]}