{"epoch": [1, 100, 200, 300, 400, 500, 600, 700, 800, 900, 1000], "val_mrr": [0.04817946255207062, 0.24027422070503235, 0.2719910442829132, 0.27998948097229004, 0.2839818000793457, 0.2851361930370331, 0.28687790036201477, 0.28987449407577515, 0.2901442050933838, 0.2921075224876404, 0.29240238666534424], "val_mr": [7307.73681640625, 309.598876953125, 227.23117065429688, 215.01998901367188, 209.59390258789062, 209.54339599609375, 207.64678955078125, 207.25244140625, 206.62551879882812, 206.05477905273438, 206.25247192382812], "val_hits10": [0.047961220416310235, 0.42403763900769886, 0.46410037068719706, 0.4751069289991446, 0.48055317935557457, 0.4802680353578557, 0.4848588537211292, 0.487624750499002, 0.488366124893071, 0.48922155688622754, 0.4895067008839464], "val_hits5": [0.047961220416310235, 0.33390362132877105, 0.36906187624750497, 0.3774451097804391, 0.3825491873396065, 0.38651268890789847, 0.38808098089535215, 0.3905617336755061, 0.39147419446820647, 0.3938408896492729, 0.3937838608497291], "val_hits3": [0.047961220416310235, 0.2658967778728258, 0.29931565440547475, 0.310151126318791, 0.31451382948388934, 0.3184488166524095, 0.31756487025948105, 0.3214143142286855, 0.3207584830339321, 0.3234103222127174, 0.32480752780153976], "val_hits1": [0.047961220416310235, 0.1514114627887083, 0.1793840889649273, 0.18582834331337325, 0.18982035928143712, 0.19010550327915599, 0.1919589392643285, 0.19523809523809524, 0.19580838323353295, 0.1977473624180211, 0.19760479041916168]}