{"epoch": [2, 100, 200, 300, 400, 500, 600, 700, 800, 900, 1000], "val_mrr": [0.007381705101579428, 0.24321557581424713, 0.2709439992904663, 0.2791394293308258, 0.28139546513557434, 0.2854183614253998, 0.2857730984687805, 0.28537145256996155, 0.28727081418037415, 0.2870767414569855, 0.2856707274913788], "val_mr": [7324.86083984375, 305.99822998046875, 227.82640075683594, 216.1084747314453, 210.6000518798828, 208.45254516601562, 207.81382751464844, 206.83111572265625, 205.89344787597656, 204.33111572265625, 207.05471801757812], "val_hits10": [0.0071285999429712005, 0.4287425149700599, 0.464841745081266, 0.4733390362132877, 0.4780439121756487, 0.4843170801254634, 0.4822925577416595, 0.4832905617336755, 0.4828058169375535, 0.483917878528657, 0.4826917593384659], "val_hits5": [0.0070145423438836615, 0.33575705731394356, 0.36669518106643856, 0.3769033361847733, 0.3797547761619618, 0.3834616481323068, 0.3852010265183918, 0.38676931850584545, 0.38511548331907614, 0.3856857713145138, 0.38602794411177643], "val_hits3": [0.006986027944111776, 0.27140005702879955, 0.300484744796122, 0.30744225834046196, 0.31043627031650983, 0.3156829198745366, 0.3173937838608497, 0.31756487025948105, 0.3183917878528657, 0.3184488166524095, 0.3158254918733961], "val_hits1": [0.006986027944111776, 0.15332192757342458, 0.17778728257770174, 0.1855717137154263, 0.18722554890219562, 0.19021956087824352, 0.1909609352723125, 0.18976333048189337, 0.19292842885657258, 0.19204448246364414, 0.19059024807527802]}