{"epoch": [1, 100, 200, 300, 400, 500, 600, 700, 800, 900, 1000], "val_mrr": [0.0008840457885526121, 0.22887946665287018, 0.24300868809223175, 0.2422906905412674, 0.25100669264793396, 0.25869476795196533, 0.2510922849178314, 0.26096197962760925, 0.26593050360679626, 0.26013296842575073, 0.26984480023384094], "val_mr": [7301.166015625, 209.25425720214844, 198.38351440429688, 197.40231323242188, 196.54425048828125, 196.20510864257812, 194.31048583984375, 195.12338256835938, 193.01358032226562, 192.8975830078125, 193.0884552001953], "val_hits10": [0.000855431993156544, 0.4078699743370402, 0.42261191901910466, 0.42207014542343885, 0.4365839749073282, 0.44188765326489876, 0.4360136869118905, 0.4471057884231537, 0.44932991160536073, 0.44568006843455943, 0.45637296834901625], "val_hits5": [0.0005417735956658112, 0.31117764471057885, 0.3268890789848874, 0.32557741659538064, 0.33823781009409754, 0.3459081836327345, 0.3366124893071001, 0.352723125178215, 0.35320786997433706, 0.34830339321357284, 0.3615625891074993], "val_hits3": [0.0004562303963501568, 0.2467065868263473, 0.2641288850869689, 0.26244653550042774, 0.27211291702309665, 0.28132306814941543, 0.2723695466210436, 0.2856572569147419, 0.28996293128029654, 0.2832905617336755, 0.2947248360422013], "val_hits1": [0.0001996007984031936, 0.1444539492443684, 0.15574565155403478, 0.15568862275449102, 0.16250356429997148, 0.17020245223838038, 0.16330196749358425, 0.17063016823495866, 0.1772740233818078, 0.1708867978329056, 0.1793555745651554]}