{"epoch": [1, 100, 200, 300, 400, 500, 600, 700, 800, 900, 1000], "val_mrr": [0.004883842542767525, 0.25278034806251526, 0.26297634840011597, 0.2679249346256256, 0.27340972423553467, 0.2763098180294037, 0.2793889343738556, 0.28263160586357117, 0.2802330255508423, 0.28092652559280396, 0.28299885988235474], "val_mr": [7386.8564453125, 192.6387176513672, 205.82899475097656, 202.8386688232422, 200.14208984375, 201.76809692382812, 204.7553253173828, 200.45066833496094, 201.9593048095703, 202.774169921875, 204.3815155029297], "val_hits10": [0.0045337895637296835, 0.44123182207014544, 0.45169660678642715, 0.4609923011120616, 0.46803535785571715, 0.4699173082406615, 0.4742800114057599, 0.4775306529797548, 0.47516395779868836, 0.4776732249786142, 0.47995437696036497], "val_hits5": [0.004505275163957798, 0.34023381807812947, 0.35152552038779583, 0.3615340747077274, 0.36609637867122896, 0.3714570858283433, 0.3759338465925292, 0.3786142001710864, 0.3763330481893356, 0.37855717137154266, 0.3822070145423439], "val_hits3": [0.004448246364414029, 0.27276874821785, 0.28528656971770744, 0.2932991160536071, 0.29920159680638725, 0.3025948103792415, 0.3058169375534645, 0.30972341032221273, 0.309153122326775, 0.3103222127174223, 0.31023666951810663], "val_hits1": [0.004448246364414029, 0.16429997148560022, 0.1735386370116909, 0.175990875392073, 0.18126603934987168, 0.18377530652979754, 0.18637011690903907, 0.19053321927573424, 0.1864556601083547, 0.18654120330767038, 0.1893071000855432]}