{"epoch": [1, 100, 200, 300, 400, 500, 600, 700, 800, 900, 1000], "val_mrr": [0.04817946255207062, 0.043681055307388306, 0.039582621306180954, 0.03679383546113968, 0.03394922986626625, 0.0313895083963871, 0.028943918645381927, 0.02678295411169529, 0.025190506130456924, 0.02445179782807827, 0.02399704046547413], "val_mr": [7307.73681640625, 7311.17041015625, 7313.7197265625, 7315.3779296875, 7317.05126953125, 7318.33642578125, 7319.5498046875, 7320.4423828125, 7321.14111328125, 7321.32177734375, 7321.47900390625], "val_hits10": [0.047961220416310235, 0.04345594525235244, 0.03934987168520103, 0.036555460507556314, 0.033704020530367834, 0.031137724550898204, 0.02868548617051611, 0.026518391787852865, 0.024921585400627316, 0.024180211006558313, 0.023723980610208154], "val_hits5": [0.047961220416310235, 0.04345594525235244, 0.03934987168520103, 0.036555460507556314, 0.033704020530367834, 0.031137724550898204, 0.02868548617051611, 0.026518391787852865, 0.024921585400627316, 0.024180211006558313, 0.023723980610208154], "val_hits3": [0.047961220416310235, 0.04345594525235244, 0.03934987168520103, 0.036555460507556314, 0.033704020530367834, 0.031137724550898204, 0.02868548617051611, 0.026518391787852865, 0.024921585400627316, 0.024180211006558313, 0.023723980610208154], "val_hits1": [0.047961220416310235, 0.04345594525235244, 0.03934987168520103, 0.036555460507556314, 0.033704020530367834, 0.031137724550898204, 0.02868548617051611, 0.026518391787852865, 0.024921585400627316, 0.024180211006558313, 0.023723980610208154]}