{"epoch": [1, 100, 200, 300, 400, 500, 600, 700, 800, 900, 1000], "val_mrr": [0.0010087804403156042, 0.21389007568359375, 0.2292456030845642, 0.23343263566493988, 0.23760871589183807, 0.23350833356380463, 0.24145445227622986, 0.2408071756362915, 0.24447889626026154, 0.2461973875761032, 0.24655888974666595], "val_mr": [7393.1015625, 360.8002014160156, 321.39410400390625, 326.1039733886719, 308.4650573730469, 324.68170166015625, 308.2843933105469, 298.0810852050781, 304.01580810546875, 297.15875244140625, 294.89422607421875], "val_hits10": [0.000855431993156544, 0.3653264898773881, 0.3889078984887368, 0.3958654120330767, 0.39908753920729967, 0.3976047904191617, 0.4072996863416025, 0.40718562874251496, 0.4093242087254063, 0.4130025662959795, 0.4129455374964357], "val_hits5": [0.0006273167949814657, 0.2895352152837183, 0.3074992871400057, 0.31303108069575136, 0.31767892785856855, 0.3158825206729398, 0.3260336469917308, 0.32301112061591103, 0.3258340461933276, 0.330938123752495, 0.3299116053607072], "val_hits3": [0.0004847447961220416, 0.23672654690618763, 0.2523809523809524, 0.2592814371257485, 0.26033646991730824, 0.25919589392643283, 0.2692614770459082, 0.266096378671229, 0.2703165098374679, 0.27271171941830624, 0.27311092101511264], "val_hits1": [0.000427715996578272, 0.13718277730253778, 0.14930139720558883, 0.15220986598232109, 0.15742800114057598, 0.15129740518962076, 0.1579982891360137, 0.1575990875392073, 0.16207584830339322, 0.16227544910179642, 0.16290276589677788]}