{"epoch": [1, 100, 200, 300, 400, 500, 600, 700, 800, 900, 1000], "val_mrr": [0.10947464406490326, 0.25705960392951965, 0.27502137422561646, 0.27779853343963623, 0.2794927954673767, 0.2742670476436615, 0.2753241956233978, 0.27272385358810425, 0.27020856738090515, 0.2698603868484497, 0.2709873914718628], "val_mr": [7296.3623046875, 371.68328857421875, 314.48858642578125, 298.549072265625, 293.9359130859375, 290.8079833984375, 292.3875732421875, 294.76397705078125, 295.33172607421875, 294.4609069824219, 298.1983947753906], "val_hits10": [0.10932420872540632, 0.4358711149130311, 0.4643855146849159, 0.47020245223838036, 0.470544625035643, 0.46712289706301685, 0.46854861705161105, 0.46669518106643854, 0.46230396350156827, 0.46381522668947817, 0.46401482748788137], "val_hits5": [0.10932420872540632, 0.34619332763045335, 0.3707442258340462, 0.3750213857998289, 0.3788423153692615, 0.3763615625891075, 0.3754776161961791, 0.3717992586256059, 0.37023096663815225, 0.36897633304818933, 0.37216994582264046], "val_hits3": [0.10932420872540632, 0.28283433133732533, 0.30473339036213287, 0.3082691759338466, 0.3112061591103507, 0.30801254633589964, 0.3077274023381808, 0.3045052751639578, 0.30208155118334756, 0.30256629597946966, 0.3049044767607642], "val_hits1": [0.10932420872540632, 0.1709438266324494, 0.18360422013116623, 0.18582834331337325, 0.18654120330767038, 0.1793840889649273, 0.18229255774165953, 0.1790134017678928, 0.17684630738522955, 0.17639007698887937, 0.1772740233818078]}