{"epoch": [100, 200, 300, 400, 500, 600, 700, 800, 900, 1000], "val_mrr": [0.2524929642677307, 0.27036818861961365, 0.27695146203041077, 0.2788376212120056, 0.27401989698410034, 0.269115149974823, 0.269866019487381, 0.2674068808555603, 0.2643446922302246, 0.264286607503891], "val_mr": [332.1787109375, 242.968505859375, 232.1414031982422, 228.83729553222656, 231.26429748535156, 228.7917022705078, 229.35049438476562, 236.08360290527344, 233.6627960205078, 234.93060302734375], "val_hits10": [0.4329, 0.4569, 0.4681, 0.473, 0.4704, 0.4693, 0.466, 0.4664, 0.4625, 0.4619], "val_hits5": [0.3443, 0.3688, 0.3752, 0.3764, 0.3767, 0.3719, 0.3708, 0.3715, 0.3636, 0.365], "val_hits3": [0.2807, 0.3006, 0.3072, 0.3121, 0.3074, 0.2997, 0.3011, 0.3011, 0.2975, 0.2951], "val_hits1": [0.1643, 0.1789, 0.1841, 0.1848, 0.178, 0.1742, 0.1737, 0.1708, 0.1685, 0.1688]}