{"epoch": [0, 100, 200, 300, 400, 500, 600, 700, 800, 900, 1000], "val_mrr": [0.004883842542767525, 0.25278109312057495, 0.26492902636528015, 0.2685191035270691, 0.2655232548713684, 0.2765570282936096, 0.27838969230651855, 0.2763228714466095, 0.2803798019886017, 0.27880769968032837, 0.27940356731414795], "val_mr": [7386.8564453125, 214.58807373046875, 215.99917602539062, 216.1658172607422, 212.3074493408203, 207.61981201171875, 205.2850799560547, 204.5133514404297, 205.12814331054688, 204.3286590576172, 203.13168334960938], "val_hits10": [0.0045337895637296835, 0.43036783575705734, 0.45223838038209296, 0.4583119475335044, 0.4596236099230111, 0.4673510122611919, 0.47045908183632734, 0.4706871970345024, 0.4726261762189906, 0.47402338180781295, 0.47308240661534073], "val_hits5": [0.004505275163957798, 0.3384659252922726, 0.3598802395209581, 0.3680353578557171, 0.3609637867122897, 0.3697462218420302, 0.3741374394069005, 0.37536355859709153, 0.3784431137724551, 0.3786997433704021, 0.37656116338751067], "val_hits3": [0.004448246364414029, 0.27265469061876246, 0.29358426005132593, 0.3010835471913316, 0.2922440832620473, 0.30690048474479614, 0.30670088394639294, 0.306928999144568, 0.3102936983176504, 0.3086398631308811, 0.31077844311377245], "val_hits1": [0.004448246364414029, 0.16712289706301683, 0.17293983461648132, 0.1743085258055318, 0.17288280581693755, 0.18340461933276306, 0.1851725121186199, 0.18175078414599372, 0.18659823210721416, 0.1838608497291132, 0.1848018249215854], "train_time": [35.92950987815857, 35.552770137786865, 35.66517496109009, 35.481759548187256, 35.55391836166382, 35.519389629364014, 35.61522150039673, 35.502936124801636, 35.51516389846802, 34.43805408477783, 37.32707214355469]}