{"epoch": [0, 100, 200, 300, 400, 500, 600, 700, 800, 900, 1000, 1100, 1200, 1300, 1400, 1500, 1600, 1700, 1800, 1900, 2000, 2100, 2200, 2300, 2400, 2500, 2600, 2700, 2800, 2900, 3000, 3100, 3200, 3300, 3400, 3500, 3600, 3700, 3800, 3900, 4000], "val_mrr": [0.11301030963659286, 0.24622897803783417, 0.277071088552475, 0.2846304178237915, 0.28755122423171997, 0.29153698682785034, 0.2931876480579376, 0.2938385009765625, 0.2938760817050934, 0.2960492968559265, 0.2946844696998596, 0.29687753319740295, 0.2965651750564575, 0.295525461435318, 0.29753151535987854, 0.29731637239456177, 0.2973233163356781, 0.2974013686180115, 0.29872754216194153, 0.2982042729854584, 0.2969682514667511, 0.2986793518066406, 0.2976602017879486, 0.2994379997253418, 0.2999233901500702, 0.2981806993484497, 0.3004027009010315, 0.2992912530899048, 0.3001025319099426, 0.2997904419898987, 0.3006126284599304, 0.29955199360847473, 0.29966357350349426, 0.30192846059799194, 0.3004001975059509, 0.30154678225517273, 0.3008548617362976, 0.30172494053840637, 0.301677942276001, 0.3035634458065033, 0.3022645115852356], "val_mr": [7273.5927734375, 327.4667053222656, 259.46893310546875, 244.5319061279297, 239.5609893798828, 236.61334228515625, 236.0348663330078, 232.824951171875, 233.09178161621094, 233.39808654785156, 234.4077911376953, 234.80601501464844, 233.7222137451172, 234.67294311523438, 235.23468017578125, 234.35150146484375, 234.26760864257812, 234.47442626953125, 235.97348022460938, 236.33470153808594, 236.84487915039062, 237.44146728515625, 237.10202026367188, 238.5376739501953, 237.07730102539062, 238.96353149414062, 237.83302307128906, 239.3446502685547, 239.86578369140625, 240.10874938964844, 240.86436462402344, 238.92486572265625, 239.6995391845703, 240.97840881347656, 239.4636993408203, 240.6016845703125, 239.87986755371094, 240.44000244140625, 240.32203674316406, 240.8682861328125, 240.03173828125], "val_hits10": [0.11285999429712004, 0.43464499572284004, 0.4670088394639293, 0.47436555460507557, 0.4772740233818078, 0.4787852865697177, 0.47852865697177077, 0.4819788993441688, 0.48072426575420585, 0.48055317935557457, 0.48152266894781864, 0.48126603934987167, 0.4820074137439407, 0.48186484174508126, 0.4819503849443969, 0.4824066153407471, 0.4832905617336755, 0.4815796977473624, 0.4844311377245509, 0.48243512974051894, 0.48232107214143144, 0.48272027373823784, 0.4823495865412033, 0.48363273453093814, 0.4838893641288851, 0.4846022241231822, 0.48283433133732534, 0.4836042201311662, 0.48252067293983464, 0.4840034217279726, 0.4833475905332193, 0.48317650413458796, 0.48454519532363843, 0.485400627316795, 0.4834616481323068, 0.4828058169375535, 0.48397490732820075, 0.4849729113202167, 0.4850014257199886, 0.4862845737097234, 0.48494439692044483], "val_hits5": [0.11285999429712004, 0.3405759908753921, 0.37479327060165385, 0.3804106073567151, 0.3847733105218135, 0.3848873681209011, 0.3885086968919304, 0.389848873681209, 0.3908183632734531, 0.3911890504704876, 0.3906757912745937, 0.39244368406045055, 0.39230111206159113, 0.39170230966638153, 0.393812375249501, 0.3947248360422013, 0.39395494724836044, 0.393812375249501, 0.3930424864556601, 0.3928428856572569, 0.3918733960650128, 0.3942400912460793, 0.39375534644995724, 0.395295124037639, 0.39518106643855144, 0.3934131736526946, 0.3946392928428857, 0.3938408896492729, 0.39572284003421726, 0.39520958083832336, 0.39455374964357, 0.39520958083832336, 0.3956943256344454, 0.3950955232392358, 0.3943826632449387, 0.3951525520387796, 0.3960650128314799, 0.39677787282577703, 0.3964071856287425, 0.39712004562303965, 0.39526660963786714], "val_hits3": [0.11285999429712004, 0.27567721699458225, 0.3072996863416025, 0.3156829198745366, 0.31941830624465356, 0.3208440262332478, 0.3233818078129455, 0.3251211861990305, 0.32449386940404906, 0.32802965497576275, 0.3243798118049615, 0.32597661819218704, 0.3270316509837468, 0.32617621899059024, 0.32817222697462217, 0.32914171656686625, 0.3279441117764471, 0.32837182777302537, 0.3295124037639008, 0.32936983176504137, 0.3264043341887653, 0.32928428856572567, 0.3285429141716567, 0.3295124037639008, 0.3311662389506701, 0.32897063016823497, 0.3313658397490733, 0.32879954376960363, 0.32899914456800683, 0.33028229255774166, 0.329455374964357, 0.32968349016253207, 0.3284003421727973, 0.33267750213858, 0.3301112061591103, 0.3317650413458797, 0.33033932135728544, 0.33108069575135446, 0.3314798973481608, 0.3330196749358426, 0.3311092101511263], "val_hits1": [0.11285999429712004, 0.1551468491588252, 0.18463073852295409, 0.19292842885657258, 0.19560878243512975, 0.20122611919019104, 0.2028514399771885, 0.20293698317650413, 0.20230966638152267, 0.20533219275734246, 0.203963501568292, 0.2072996863416025, 0.20607356715141145, 0.2045052751639578, 0.20764185913886513, 0.20687197034502425, 0.2067579127459367, 0.20707157114342742, 0.2088394639292843, 0.2087824351297405, 0.2075278015397776, 0.20926717992586255, 0.20721414314228687, 0.20946678072426575, 0.21057884231536927, 0.20855431993156545, 0.21149130310806957, 0.21043627031650983, 0.21149130310806957, 0.21060735671514114, 0.21234673510122612, 0.2103507271171942, 0.21040775591673797, 0.21297405189620758, 0.21154833190761335, 0.21283147989734816, 0.21214713430282292, 0.2133162246934702, 0.21323068149415456, 0.2153977758768178, 0.2142571998859424], "train_time": [8.75988245010376, 8.954824924468994, 8.779398679733276, 9.014357328414917, 9.13095235824585, 9.165657758712769, 9.059628248214722, 9.085726022720337, 9.153040170669556, 8.958802223205566, 8.765584230422974, 9.017062664031982, 8.785789012908936, 9.08016300201416, 8.737950325012207, 9.142337083816528, 8.778182983398438, 9.27261233329773, 9.032814025878906, 8.889179229736328, 9.30306100845337, 8.899554967880249, 8.803555965423584, 9.066389799118042, 9.037663459777832, 8.967076539993286, 8.95059061050415, 9.20705771446228, 9.347435712814331, 9.101660966873169, 9.363262414932251, 8.963080167770386, 9.422906637191772, 8.924089908599854, 8.936862707138062, 8.928533554077148, 9.331235885620117, 8.953689336776733, 8.938442945480347, 8.889824151992798, 9.353747129440308]}