{"epoch": [0, 100, 200, 300, 400, 500, 600, 700, 800, 900, 1000, 1100, 1200, 1300, 1400, 1500, 1600, 1700, 1800, 1900, 2000], "val_mrr": [0.000847041083034128, 0.2420269399881363, 0.26066917181015015, 0.2677198350429535, 0.27364927530288696, 0.2767983078956604, 0.27632540464401245, 0.28140586614608765, 0.285489559173584, 0.2815399467945099, 0.28313422203063965, 0.28500381112098694, 0.2862448990345001, 0.28616949915885925, 0.28714945912361145, 0.2871202826499939, 0.2889314591884613, 0.28979724645614624, 0.2920718789100647, 0.2913703918457031, 0.29457351565361023], "val_mr": [7391.00927734375, 237.31468200683594, 221.5271453857422, 217.37698364257812, 214.07473754882812, 215.68443298339844, 214.0911865234375, 212.446044921875, 211.1835174560547, 211.80935668945312, 211.55377197265625, 210.3514404296875, 208.84458923339844, 208.7409210205078, 207.28067016601562, 208.07949829101562, 207.03857421875, 205.48240661621094, 205.46646118164062, 205.88494873046875, 205.99966430664062], "val_hits10": [0.0009124607927003136, 0.4300256629597947, 0.45566010835471915, 0.46381522668947817, 0.4708297690333618, 0.4747077274023382, 0.47453664100370685, 0.47647562018819506, 0.4795266609637867, 0.4765611633875107, 0.48246364414029086, 0.4812945537496436, 0.48474479612204163, 0.4821499857428001, 0.48363273453093814, 0.4827487881380097, 0.4822925577416595, 0.4851154833190761, 0.4872825777017394, 0.48403193612774453, 0.48568577131451385], "val_hits5": [0.0005132591958939265, 0.33199315654405476, 0.35751354433989163, 0.36498431708012546, 0.3738237810094098, 0.375990875392073, 0.37684630738522956, 0.3804961505560308, 0.3824066153407471, 0.37887082976903336, 0.3821499857428001, 0.38314798973481606, 0.38511548331907614, 0.3840319361277445, 0.3851725121186199, 0.38639863130881097, 0.38639863130881097, 0.38788138009694895, 0.3914171656686627, 0.3898773880809809, 0.3915597376675221], "val_hits3": [0.00028514399771884804, 0.2667522098659823, 0.2901910464784716, 0.29760479041916166, 0.30327915597376676, 0.3073852295409182, 0.3073282007413744, 0.3114342743085258, 0.31380096948959224, 0.3112061591103507, 0.31334473909324206, 0.3138294838893641, 0.31631023666951813, 0.3154262902765897, 0.31602509267179923, 0.31645280866837755, 0.31776447105788425, 0.32001710863986316, 0.3235814086113487, 0.32164242942686055, 0.32557741659538064], "val_hits1": [0.0002281151981750784, 0.1516110635871115, 0.16683775306529797, 0.1735386370116909, 0.1791844881665241, 0.18169375534644996, 0.18055317935557458, 0.18731109210151126, 0.19252922725976618, 0.18733960650128315, 0.18845166809238664, 0.19124607927003137, 0.1917308240661534, 0.19244368406045054, 0.19349871685201026, 0.1924721984602224, 0.19592244083262048, 0.19555175363558597, 0.1979184488166524, 0.19803250641573994, 0.20211006558311947], "train_time": [45.65514302253723, 46.40213203430176, 46.52883839607239, 46.02197504043579, 45.859814405441284, 45.007527351379395, 45.6471893787384, 45.65626811981201, 45.690157651901245, 46.174314975738525, 45.14697337150574, 45.11959385871887, 45.58821129798889, 45.45931124687195, 44.6343674659729, 45.0076539516449, 47.2143874168396, 47.40795540809631, 46.88786029815674, 46.59286284446716, 46.98104691505432]}