{"epoch": [0, 100, 200, 300, 400, 500, 600, 700, 800, 900, 1000], "val_mrr": [0.004883842542767525, 0.24452021718025208, 0.2589610815048218, 0.26367366313934326, 0.2672003507614136, 0.27344027161598206, 0.27650028467178345, 0.2797924876213074, 0.28074854612350464, 0.2809542119503021, 0.2849290072917938], "val_mr": [7386.8564453125, 189.83489990234375, 197.3364715576172, 201.12814331054688, 201.42335510253906, 199.65292358398438, 200.15528869628906, 199.45762634277344, 199.8920440673828, 200.39686584472656, 199.3647918701172], "val_hits10": [0.0045337895637296835, 0.4287425149700599, 0.4504134587966923, 0.45380667236954664, 0.46045052751639576, 0.46678072426575423, 0.4704875962360992, 0.47325349301397207, 0.474251497005988, 0.4757912745936698, 0.4801824921585401], "val_hits5": [0.004505275163957798, 0.3284003421727973, 0.3487311092101511, 0.3549757627601939, 0.3611919019104648, 0.3659252922725977, 0.3726261762189906, 0.37325349301397204, 0.3758768177929855, 0.3740804106073567, 0.38138009694895925], "val_hits3": [0.004448246364414029, 0.2630738522954092, 0.28283433133732533, 0.2874536641003707, 0.29429712004562303, 0.30085543199315656, 0.3037639007698888, 0.30593099515255207, 0.3082691759338466, 0.3078699743370402, 0.3105218135158255], "val_hits1": [0.004448246364414029, 0.15745651554034787, 0.16749358426005131, 0.17271171941830624, 0.17462218420302253, 0.18083832335329342, 0.1833190761334474, 0.18776732249786143, 0.18785286569717707, 0.1883376104932991, 0.19221556886227545], "train_time": [21.71745252609253, 19.843116283416748, 19.803146839141846, 19.84269380569458, 19.817635774612427, 19.83095121383667, 19.812706470489502, 19.804394960403442, 19.78208637237549, 19.84681797027588, 19.791929721832275]}