{"epoch": [0, 100, 200, 300, 400, 500, 600, 700, 800, 900, 1000], "val_mrr": [0.0010961671359837055, 0.22032806277275085, 0.22982855141162872, 0.24039292335510254, 0.2400548756122589, 0.24367177486419678, 0.24518078565597534, 0.24781839549541473, 0.2506542503833771, 0.2514931261539459, 0.2543632686138153], "val_mr": [7340.373046875, 394.7767333984375, 337.7147216796875, 330.2391662597656, 327.0218200683594, 317.6644287109375, 304.6251525878906, 303.5578918457031, 303.45416259765625, 301.3950500488281, 301.3639831542969], "val_hits10": [0.0011120615911035072, 0.3669803250641574, 0.38733960650128313, 0.3943541488451668, 0.39540918163672656, 0.4009409751924722, 0.4042486455660108, 0.40741374394069, 0.4109210151126319, 0.41271742229826064, 0.4136869118905047], "val_hits5": [0.00071285999429712, 0.2898773880809809, 0.30963786712289704, 0.3164813230681494, 0.31753635585970913, 0.32275449101796405, 0.3227259766181922, 0.3265469061876248, 0.32882805816937555, 0.3311092101511263, 0.33384659252922727], "val_hits3": [0.0005702879954376961, 0.23929284288565725, 0.2523239235814086, 0.2639863130881095, 0.2651268890789849, 0.2677216994582264, 0.2699743370402053, 0.2743085258055318, 0.27550613059595097, 0.27607641859138865, 0.2801254633589963], "val_hits1": [0.0004847447961220416, 0.14741944682064442, 0.15143997718848018, 0.16250356429997148, 0.16104932991160537, 0.1645280866837753, 0.16467065868263472, 0.16669518106643855, 0.17025948103792415, 0.1711149130310807, 0.17368120901055034], "train_time": [50.22897410392761, 49.964330196380615, 49.88860487937927, 49.612311363220215, 50.29475283622742, 50.6956901550293, 49.90090990066528, 55.151570558547974, 54.74602675437927, 55.45517325401306, 53.97805094718933]}