{"epoch": [1, 100, 200, 300, 400, 500, 600, 700, 800, 900, 1000], "val_mrr": [0.004883842542767525, 0.25504645705223083, 0.26308366656303406, 0.2722102105617523, 0.27238649129867554, 0.2774924337863922, 0.27920442819595337, 0.2810298502445221, 0.28374606370925903, 0.2876030504703522, 0.28992772102355957], "val_mr": [7386.8564453125, 200.3338165283203, 203.73341369628906, 205.9186553955078, 203.9332733154297, 204.4894256591797, 204.38865661621094, 206.01788330078125, 203.88951110839844, 203.16319274902344, 201.85049438476562], "val_hits10": [0.0045337895637296835, 0.4414599372683205, 0.45471913316224694, 0.4666666666666667, 0.4682634730538922, 0.47151411462788706, 0.47459366980325063, 0.4769033361847733, 0.4778157969774736, 0.4846022241231822, 0.48545765611633873], "val_hits5": [0.004505275163957798, 0.3412888508696892, 0.3549757627601939, 0.3670373538637012, 0.3665240946678072, 0.37142857142857144, 0.3748788138009695, 0.379213002566296, 0.38083832335329343, 0.3848018249215854, 0.3850299401197605], "val_hits3": [0.004448246364414029, 0.2763045337895637, 0.2857713145138295, 0.2980895352152837, 0.2966067864271457, 0.3030510407755917, 0.30644425434844597, 0.3103507271171942, 0.31117764471057885, 0.3154262902765897, 0.3158825206729398], "val_hits1": [0.004448246364414029, 0.16737952666096378, 0.17325349301397205, 0.1800969489592244, 0.18080980895352153, 0.18531508411747932, 0.1867122897063017, 0.18711149130310806, 0.1909609352723125, 0.19429712004562305, 0.19808953521528372]}