{"epoch": [0, 100, 200, 300, 400, 500, 600, 700, 800, 900, 1000], "val_mrr": [0.0012342645786702633, 0.2520977556705475, 0.26172778010368347, 0.26915907859802246, 0.2724112272262573, 0.27475711703300476, 0.27500221133232117, 0.2757388949394226, 0.27729013562202454, 0.278927743434906, 0.2819312810897827], "val_mr": [7329.443359375, 243.76429748535156, 221.45867919921875, 220.05967712402344, 216.51023864746094, 214.3422088623047, 212.6597900390625, 208.75294494628906, 207.84132385253906, 206.5531005859375, 205.56800842285156], "val_hits10": [0.0011120615911035072, 0.4263758197889934, 0.446535500427716, 0.45414884516680926, 0.45762760193897917, 0.46184773310521815, 0.46335899629312804, 0.46598232107214144, 0.4691189050470488, 0.4662674650698603, 0.4689763330481893], "val_hits5": [0.0008839463929284289, 0.3361847733105218, 0.3572284003421728, 0.3617907043056744, 0.3660678642714571, 0.370544625035643, 0.3714000570287995, 0.3733675506130596, 0.3752780153977759, 0.3760193897918449, 0.37781579697747364], "val_hits3": [0.0007698887938408897, 0.27678927858568575, 0.2912460792700314, 0.2998289136013687, 0.30216709438266326, 0.30575990875392073, 0.3077844311377245, 0.3065297975477616, 0.31017964071856285, 0.31046478471628175, 0.31454234388366126], "val_hits1": [0.0006273167949814657, 0.16757912745936698, 0.1703450242372398, 0.17755916737952665, 0.18075278015397775, 0.18169375534644996, 0.180695751354434, 0.18132306814941546, 0.18226404334188764, 0.1849729113202167, 0.1879954376960365], "train_time": [27.2917058467865, 26.037294626235962, 26.01708221435547, 26.00880217552185, 25.98580837249756, 25.989872217178345, 25.70973491668701, 26.015726804733276, 26.011433362960815, 25.981314182281494, 25.99444603919983]}