{"epoch": [0, 100, 200, 300, 400, 500, 600, 700, 800, 900, 1000, 1100, 1200, 1300, 1400, 1500, 1600, 1700, 1800, 1900, 2000, 2100, 2200, 2300, 2400, 2500, 2600, 2700, 2800, 2900, 3000, 3100, 3200, 3300, 3400, 3500, 3600, 3700, 3800, 3900, 4000], "val_mrr": [0.004658015910536051, 0.2575302720069885, 0.2592931389808655, 0.26878151297569275, 0.27183955907821655, 0.2729282081127167, 0.274341344833374, 0.2765956223011017, 0.2801324725151062, 0.2805269956588745, 0.2804410755634308, 0.2830890715122223, 0.28394466638565063, 0.285492867231369, 0.28489038348197937, 0.2852194607257843, 0.2878366708755493, 0.2862255275249481, 0.28921857476234436, 0.2878573536872864, 0.28871437907218933, 0.2884199321269989, 0.287282794713974, 0.2893242835998535, 0.2894802391529083, 0.2903876304626465, 0.2882363200187683, 0.2898377478122711, 0.2901398539543152, 0.289676696062088, 0.28990861773490906, 0.2921762466430664, 0.29129207134246826, 0.2915653884410858, 0.29174530506134033, 0.29203879833221436, 0.29241272807121277, 0.29266035556793213, 0.2934446930885315, 0.29279905557632446, 0.293520450592041], "val_mr": [7352.1005859375, 196.66844177246094, 205.8726806640625, 204.14300537109375, 209.03466796875, 212.72378540039062, 211.30804443359375, 213.62001037597656, 211.62554931640625, 212.21759033203125, 210.42706298828125, 212.55677795410156, 215.04893493652344, 215.2176513671875, 214.5998077392578, 216.40895080566406, 216.44308471679688, 216.71334838867188, 216.29315185546875, 217.9963836669922, 219.49966430664062, 220.43992614746094, 223.11422729492188, 220.96034240722656, 223.74795532226562, 224.1456298828125, 225.26242065429688, 225.8330841064453, 223.87103271484375, 225.75668334960938, 224.71231079101562, 225.38868713378906, 226.1371307373047, 226.0483856201172, 226.03855895996094, 225.7515869140625, 227.20236206054688, 226.84231567382812, 227.01185607910156, 227.89923095703125, 227.79481506347656], "val_hits10": [0.004476760764185914, 0.4404049044767608, 0.45243798118049616, 0.45717137154262905, 0.46427145708582834, 0.4670088394639293, 0.46629597946963214, 0.4714285714285714, 0.4761049329911605, 0.47493584260051325, 0.4765041345879669, 0.4756487025948104, 0.4771314513829484, 0.4793840889649273, 0.4793270601653835, 0.47941260336469915, 0.48166524094667806, 0.4806672369546621, 0.4813800969489592, 0.47855717137154263, 0.47986883376104933, 0.4815511833475905, 0.48135158254918736, 0.48323353293413174, 0.48257770173937836, 0.48252067293983464, 0.4810379241516966, 0.4820074137439407, 0.48323353293413174, 0.48417450812660395, 0.48252067293983464, 0.4844311377245509, 0.48337610493299116, 0.4819788993441688, 0.48423153692614773, 0.48377530652979756, 0.48514399771884803, 0.4861134873110921, 0.48525805531793553, 0.48525805531793553, 0.484402623324779], "val_hits5": [0.004163102366695181, 0.34550898203592817, 0.3520958083832335, 0.35916737952666095, 0.3652979754776162, 0.36817792985457654, 0.3684345594525235, 0.3733675506130596, 0.3761619617907043, 0.37735956658112346, 0.37735956658112346, 0.3777017393783861, 0.3803250641573995, 0.37984031936127743, 0.3817792985457656, 0.38340461933276304, 0.3837182777302538, 0.383917878528657, 0.3853721129170231, 0.38289136013686914, 0.38651268890789847, 0.38511548331907614, 0.3849729113202167, 0.3856002281151982, 0.38545765611633875, 0.3850014257199886, 0.385885372112917, 0.3850869689193043, 0.38599942971200457, 0.38545765611633875, 0.38454519532363846, 0.3889078984887368, 0.3867408041060736, 0.38659823210721417, 0.3870259481037924, 0.3875962360992301, 0.3885372112917023, 0.38959224408326204, 0.38768177929854575, 0.38808098089535215, 0.38810949529512406], "val_hits3": [0.004163102366695181, 0.28152266894781863, 0.28280581693755347, 0.29358426005132593, 0.2971200456230396, 0.2979469632164243, 0.29977188480182493, 0.3035072711719418, 0.30724265754205876, 0.3080695751354434, 0.30932420872540634, 0.3112631879098945, 0.31191901910464787, 0.3140575990875392, 0.3131451382948389, 0.31439977188480184, 0.3159395494724836, 0.31505560307955516, 0.31842030225263757, 0.31565440547476475, 0.31730824066153407, 0.3159965782720274, 0.3161676646706587, 0.31682349586541203, 0.3184488166524095, 0.3176504134587967, 0.31722269746221843, 0.31796407185628744, 0.3187054462503564, 0.3174508126603935, 0.31881950384944396, 0.32209865982321073, 0.32001710863986316, 0.3219846022241232, 0.3204448246364414, 0.3208725406330197, 0.3219560878243513, 0.324009124607927, 0.32244083262047335, 0.32289706301682347, 0.3219846022241232], "val_hits1": [0.004163102366695181, 0.1694040490447676, 0.1679498146564015, 0.1788138009694896, 0.18075278015397775, 0.18129455374964357, 0.18249215854006273, 0.18374679213002568, 0.18771029369831765, 0.18790989449672085, 0.18682634730538922, 0.19081836327345308, 0.1913886512688908, 0.19295694325634447, 0.1928999144568007, 0.19187339606501283, 0.19575135443398917, 0.1930424864556601, 0.19692044482463644, 0.1960650128314799, 0.1958654120330767, 0.1964357000285144, 0.19441117764471058, 0.197519247219846, 0.1977473624180211, 0.19877388080980896, 0.19523809523809524, 0.19788993441688052, 0.1981180496150556, 0.1979469632164243, 0.1977473624180211, 0.19894496720844027, 0.19931565440547477, 0.1994582264043342, 0.20082691759338467, 0.19971485600228114, 0.19968634160250925, 0.1998003992015968, 0.20213857998289136, 0.2003706871970345, 0.20213857998289136], "train_time": [49.95940184593201, 50.89759159088135, 55.887819051742554, 50.411457777023315, 50.18932247161865, 63.355602741241455, 62.62294149398804, 65.43830728530884, 52.51503944396973, 52.27147054672241, 52.65418314933777, 52.748717069625854, 52.89144468307495, 53.14693880081177, 52.85690426826477, 52.320067405700684, 52.561880350112915, 52.64652156829834, 52.40169405937195, 52.9283173084259, 52.75214862823486, 51.995903730392456, 53.79342794418335, 51.389782667160034, 53.14606523513794, 52.70367479324341, 52.694812059402466, 52.831387996673584, 52.218985080718994, 52.68526864051819, 52.73475217819214, 52.74513816833496, 52.553314447402954, 56.651981353759766, 54.763123750686646, 55.108948945999146, 54.48493003845215, 54.89519190788269, 54.96307706832886, 54.90255618095398, 54.91425347328186]}