{"epoch": [0, 100, 200, 300, 400, 500, 600, 700, 800, 900, 1000, 1100, 1200, 1300, 1400, 1500, 1600, 1700, 1800, 1900, 2000, 2100, 2200, 2300, 2400, 2500, 2600, 2700, 2800, 2900, 3000, 3100, 3200, 3300, 3400, 3500, 3600, 3700, 3800, 3900, 4000], "val_mrr": [0.000847041083034128, 0.242589071393013, 0.2615039348602295, 0.267381489276886, 0.272236168384552, 0.27491018176078796, 0.27924203872680664, 0.2810167074203491, 0.27985864877700806, 0.2810317575931549, 0.28270602226257324, 0.2838042378425598, 0.28646302223205566, 0.28582027554512024, 0.2861969769001007, 0.2862294912338257, 0.28683826327323914, 0.2905111014842987, 0.2874058783054352, 0.29122838377952576, 0.28963056206703186, 0.2913771867752075, 0.2912394106388092, 0.2913450300693512, 0.2915918231010437, 0.29277220368385315, 0.29273277521133423, 0.2924100458621979, 0.29350584745407104, 0.29479730129241943, 0.2940988540649414, 0.2949674427509308, 0.2949448823928833, 0.29384100437164307, 0.29470154643058777, 0.2961133122444153, 0.2969651222229004, 0.2964716851711273, 0.29792967438697815, 0.29756638407707214, 0.29771578311920166], "val_mr": [7391.00927734375, 231.25314331054688, 221.0452880859375, 218.18516540527344, 217.7526092529297, 216.80316162109375, 216.33045959472656, 216.08851623535156, 216.43829345703125, 217.5353240966797, 214.8673553466797, 215.23468017578125, 214.46766662597656, 214.13119506835938, 212.24978637695312, 213.0500946044922, 211.06039428710938, 209.90142822265625, 211.76071166992188, 211.4562530517578, 210.3916473388672, 210.96478271484375, 207.9108123779297, 208.97544860839844, 208.7721710205078, 209.09141540527344, 208.33348083496094, 207.78622436523438, 209.07647705078125, 208.69363403320312, 207.51651000976562, 207.4451904296875, 207.30039978027344, 208.52005004882812, 208.4507293701172, 207.5176239013672, 207.30322265625, 207.9439697265625, 206.96914672851562, 208.5380401611328, 208.18902587890625], "val_hits10": [0.0009124607927003136, 0.4283718277730254, 0.4568006843455945, 0.4646991730824066, 0.4676076418591389, 0.4707727402338181, 0.4744796122041631, 0.47416595380667237, 0.47573424579412604, 0.47644710578842314, 0.47907043056743653, 0.4793270601653835, 0.47904191616766467, 0.4802395209580838, 0.48126603934987167, 0.4823781009409752, 0.4826917593384659, 0.48297690333618476, 0.4848588537211292, 0.4835186769318506, 0.48568577131451385, 0.48542914171656687, 0.4853721129170231, 0.4848303393213573, 0.48602794411177647, 0.4870544625035643, 0.4879669232962646, 0.4882235528942116, 0.48614200171086397, 0.48739663530082694, 0.4863701169090391, 0.48602794411177647, 0.4883946392928429, 0.48699743370402054, 0.487368120901055, 0.4885942400912461, 0.4890789848873681, 0.4897918448816652, 0.49036213287710295, 0.48902195608782434, 0.4885657256914742], "val_hits5": [0.0005132591958939265, 0.33572854291417165, 0.3577701739378386, 0.3666096378671229, 0.3707157114342743, 0.37399486740804105, 0.3760193897918449, 0.3772740233818078, 0.37715996578272026, 0.3779868833761049, 0.381921870544625, 0.3817792985457656, 0.3837753065297975, 0.3828628457370972, 0.3834901625320787, 0.3844311377245509, 0.38505845451953236, 0.38637011690903905, 0.38602794411177643, 0.38942115768463076, 0.38671228970630167, 0.3863416025092672, 0.388366124893071, 0.38927858568577134, 0.38790989449672086, 0.38993441688052466, 0.3912745936698033, 0.38999144568006844, 0.3899629312802966, 0.39110350727117194, 0.39170230966638153, 0.39244368406045055, 0.38999144568006844, 0.39198745366410037, 0.39295694325634445, 0.3935842600513259, 0.39386940404904475, 0.3928714000570288, 0.3944396920444825, 0.39518106643855144, 0.3939834616481323], "val_hits3": [0.00028514399771884804, 0.26917593384659255, 0.29076133447390934, 0.29615055603079554, 0.300741374394069, 0.30256629597946966, 0.3075848303393214, 0.3079840319361277, 0.3107499287140006, 0.3109495295124038, 0.31380096948959224, 0.3130595950955232, 0.31722269746221843, 0.31505560307955516, 0.3164813230681494, 0.314114627887083, 0.31514114627887085, 0.3168805246649558, 0.3148845166809239, 0.32184203022526375, 0.3183347590533219, 0.32132877102936985, 0.319560878243513, 0.3215854006273168, 0.31842030225263757, 0.32164242942686055, 0.3229255774165954, 0.3211576846307385, 0.3230681494154548, 0.3239235814086113, 0.3237810094097519, 0.32284003421727975, 0.3262902765896778, 0.32303963501568295, 0.32238380382092957, 0.3277445109780439, 0.326233247790134, 0.3254348445965212, 0.32897063016823497, 0.3264613629883091, 0.3270601653835187], "val_hits1": [0.0002281151981750784, 0.15232392358140862, 0.16669518106643855, 0.17302537781579697, 0.1785856857713145, 0.18129455374964357, 0.18591388651268892, 0.18887938408896493, 0.18577131451382947, 0.1865126889078985, 0.18768177929854576, 0.1902480752780154, 0.19295694325634447, 0.19272882805816938, 0.19230111206159112, 0.19315654405474764, 0.19321357285429142, 0.19857428001140576, 0.19386940404904476, 0.19823210721414314, 0.1958939264328486, 0.19837467921300256, 0.19806102081551183, 0.19823210721414314, 0.19908753920729969, 0.19977188480182492, 0.19854576561163387, 0.1988594240091246, 0.20085543199315653, 0.20213857998289136, 0.2009694895922441, 0.2026518391787853, 0.20139720558882235, 0.2007128599942971, 0.20173937838608497, 0.20305104077559166, 0.20419161676646708, 0.20424864556601083, 0.20476190476190476, 0.20496150556030795, 0.20510407755916737], "train_time": [43.69031739234924, 43.64469647407532, 43.76942205429077, 42.644842863082886, 43.51317095756531, 43.742584228515625, 43.67390203475952, 43.192261934280396, 43.40328311920166, 43.38970708847046, 43.69051551818848, 43.74751091003418, 43.653114557266235, 43.703588008880615, 43.76958441734314, 43.775148153305054, 43.780431509017944, 43.538320779800415, 43.749709367752075, 43.57735276222229, 43.64234185218811, 43.740217208862305, 43.77556324005127, 43.81053352355957, 43.23926591873169, 43.53610968589783, 43.787216663360596, 43.81379008293152, 43.77646279335022, 43.782702922821045, 43.72701859474182, 43.67784571647644, 43.414944648742676, 43.371336698532104, 43.80262994766235, 43.48669791221619, 43.74618482589722, 43.75456881523132, 43.547879695892334, 43.7343487739563, 43.74917483329773]}