{"epoch": [0, 100, 200, 300, 400, 500, 600, 700, 800, 900, 1000], "val_mrr": [0.1982855349779129, 0.26294514536857605, 0.26882606744766235, 0.2727186977863312, 0.27025941014289856, 0.2724977433681488, 0.27420321106910706, 0.275319904088974, 0.27659279108047485, 0.2768639028072357, 0.27537834644317627], "val_mr": [7064.10546875, 260.0121765136719, 235.37478637695312, 227.56007385253906, 225.52760314941406, 220.1945037841797, 220.14859008789062, 218.4293670654297, 219.10365295410156, 219.14553833007812, 219.94387817382812], "val_hits10": [0.19817507841459936, 0.4573424579412603, 0.47211291702309666, 0.47587681779298546, 0.4765041345879669, 0.47850014257199885, 0.48003992015968067, 0.47907043056743653, 0.4831479897348161, 0.4820359281437126, 0.48038209295694323], "val_hits5": [0.19817507841459936, 0.36147704590818364, 0.3725121186199031, 0.37584830339321357, 0.373025377815797, 0.37684630738522956, 0.3774451097804391, 0.37946963216424295, 0.3820074137439407, 0.38006843455945255, 0.37924151696606784], "val_hits3": [0.19817507841459936, 0.29372683205018535, 0.3023952095808383, 0.30359281437125746, 0.3010835471913316, 0.30516110635871113, 0.3084972911320217, 0.3079840319361277, 0.3085828343313373, 0.30906757912745936, 0.3088109495295124], "val_hits1": [0.19817507841459936, 0.16917593384659252, 0.1711434274308526, 0.17493584260051326, 0.17177074422583405, 0.1729968634160251, 0.17473624180211006, 0.17718848018249217, 0.17781579697747363, 0.17830054177359567, 0.17698887938408897], "train_time": [15.074812650680542, 14.530791521072388, 15.545238018035889, 15.505495309829712, 15.571580171585083, 15.49657392501831, 15.573967695236206, 15.54872727394104, 15.530426740646362, 15.551145315170288, 15.539931535720825]}