{"epoch": [0, 100, 200, 300, 400, 500, 600, 700, 800, 900, 1000], "val_mrr": [0.043787650763988495, 0.10781539231538773, 0.1286708116531372, 0.13338518142700195, 0.1391630321741104, 0.14319875836372375, 0.1432049423456192, 0.14434878528118134, 0.14561128616333008, 0.14789895713329315, 0.14734938740730286], "val_mr": [7351.712890625, 960.0410766601562, 688.134765625, 623.998291015625, 583.3250122070312, 576.2930908203125, 571.3175048828125, 569.7249145507812, 567.0289306640625, 561.0818481445312, 558.6511840820312], "val_hits10": [0.04357000285143998, 0.23966353008269176, 0.27214143142286856, 0.2830339321357285, 0.2961220416310237, 0.2958654120330767, 0.2981465640148275, 0.29945822640433417, 0.2998003992015968, 0.30082691759338465, 0.30082691759338465], "val_hits5": [0.04357000285143998, 0.14639292842885657, 0.17781579697747363, 0.18825206729398347, 0.19843170801254634, 0.20048474479612205, 0.2020530367835757, 0.20102651839178784, 0.20213857998289136, 0.2029940119760479, 0.2045052751639578], "val_hits3": [0.04357000285143998, 0.09751924721984602, 0.12523524379811804, 0.1283718277730254, 0.1329911605360707, 0.1376960364984317, 0.14017678927858568, 0.139606501283148, 0.139606501283148, 0.14251497005988023, 0.14168805246649557], "val_hits1": [0.04357000285143998, 0.054947248360422016, 0.06743655546050756, 0.07088679783290562, 0.07465069860279441, 0.07929854576561163, 0.07810094097519248, 0.0793555745651554, 0.0816367265469062, 0.08394639292842886, 0.08303393213572854], "train_time": [7.690802574157715, 7.7596118450164795, 7.7637410163879395, 7.745328903198242, 7.698996543884277, 7.486516952514648, 7.879045724868774, 7.905907392501831, 7.3476951122283936, 7.50999116897583, 7.491512298583984]}