{"epoch": [0, 100, 200, 300, 400, 500, 600, 700, 800, 900, 1000, 1100, 1200, 1300, 1400, 1500, 1600, 1700, 1800, 1900, 2000], "val_mrr": [0.004883842542767525, 0.25256678462028503, 0.2628691792488098, 0.27007782459259033, 0.26862406730651855, 0.2749873101711273, 0.27685755491256714, 0.277351975440979, 0.2802773416042328, 0.2814813554286957, 0.2842036783695221, 0.2818402051925659, 0.28502312302589417, 0.28473058342933655, 0.28658780455589294, 0.2865844666957855, 0.2882574498653412, 0.2888313829898834, 0.29009759426116943, 0.29046332836151123, 0.2906469404697418], "val_mr": [7386.8564453125, 192.80116271972656, 201.8275146484375, 203.5921630859375, 207.7455596923828, 207.74978637695312, 208.5911102294922, 209.8529815673828, 209.4324493408203, 210.27703857421875, 210.34828186035156, 209.28639221191406, 207.09715270996094, 210.72073364257812, 211.30325317382812, 209.89483642578125, 210.5991668701172, 210.2678985595703, 209.56703186035156, 210.1517791748047, 209.3756561279297], "val_hits10": [0.0045337895637296835, 0.4384659252922726, 0.4532363843741089, 0.46170516110635873, 0.4622754491017964, 0.4679498146564015, 0.47236954662104363, 0.4739093242087254, 0.477216994582264, 0.4786427145708583, 0.481437125748503, 0.47647562018819506, 0.4808953521528372, 0.4798973481608212, 0.48257770173937836, 0.4832620473339036, 0.48232107214143144, 0.4835471913316225, 0.48454519532363843, 0.48731109210151125, 0.48714000570287996], "val_hits5": [0.004505275163957798, 0.3382948388936413, 0.35392072996863416, 0.36187624750499003, 0.36295979469632167, 0.3696321642429427, 0.37339606501283146, 0.3750784145993727, 0.37696036498431706, 0.3788993441688053, 0.38138009694895925, 0.37670373538637014, 0.38098089535215285, 0.3833761049329912, 0.3837753065297975, 0.38474479612204165, 0.38411747932706014, 0.3850299401197605, 0.38736812090105505, 0.3887368120901055, 0.38842315369261476], "val_hits3": [0.004448246364414029, 0.27385229540918166, 0.28788138009694897, 0.29412603364699175, 0.294810379241517, 0.3023096663815227, 0.3027658967778728, 0.30193897918448814, 0.30861134873110924, 0.3088964927288281, 0.3118049615055603, 0.307670373538637, 0.3121471343028229, 0.31203307670373537, 0.315597376675221, 0.3159395494724836, 0.3172797262617622, 0.31776447105788425, 0.3202452238380382, 0.31921870544625036, 0.3201596806387226], "val_hits1": [0.004448246364414029, 0.1645566010835472, 0.1713145138294839, 0.17932706016538352, 0.17658967778728257, 0.18320501853435986, 0.18423153692614772, 0.18488736812090106, 0.186883376104933, 0.18870829769033362, 0.19164528086683774, 0.1900484744796122, 0.19275734245794127, 0.1919589392643285, 0.1932706016538352, 0.19295694325634447, 0.19552323923581408, 0.19560878243512975, 0.1962646136298831, 0.19640718562874251, 0.19743370402053037], "train_time": [32.76412272453308, 32.6522536277771, 32.49268651008606, 32.61015295982361, 32.617361545562744, 32.60200500488281, 32.600457429885864, 32.5580039024353, 32.62479019165039, 32.466755628585815, 32.56636643409729, 32.5922908782959, 32.536375761032104, 32.54896569252014, 32.59985089302063, 32.53517270088196, 32.597259759902954, 32.597495794296265, 32.5492730140686, 32.548787117004395, 32.56226992607117]}