{"epoch": [0, 100, 200, 300, 400, 500, 600, 700, 800, 900, 1000, 1100, 1200, 1300, 1400, 1500, 1600, 1700, 1800, 1900, 2000, 2100, 2200, 2300, 2400, 2500, 2600, 2700, 2800, 2900, 3000, 3100, 3200, 3300, 3400, 3500, 3600, 3700, 3800, 3900, 4000], "val_mrr": [0.003706991206854582, 0.25206705927848816, 0.2653586268424988, 0.26599428057670593, 0.27277448773384094, 0.2725265324115753, 0.2722288966178894, 0.27665406465530396, 0.2796044647693634, 0.27980032563209534, 0.2810991108417511, 0.2825195789337158, 0.2800014317035675, 0.2822314202785492, 0.2836797535419464, 0.28442466259002686, 0.283674955368042, 0.2863461673259735, 0.28716474771499634, 0.28907954692840576, 0.28680717945098877, 0.28717949986457825, 0.29008054733276367, 0.2915363013744354, 0.2909691631793976, 0.2907339036464691, 0.28947266936302185, 0.2905861437320709, 0.29171034693717957, 0.29125574231147766, 0.29147371649742126, 0.2921863794326782, 0.2930922210216522, 0.29185980558395386, 0.29348406195640564, 0.2933802008628845, 0.29412519931793213, 0.2936382591724396, 0.2923818528652191, 0.2948540449142456, 0.29244887828826904], "val_mr": [7373.47607421875, 195.41534423828125, 204.9390411376953, 211.84642028808594, 213.98292541503906, 214.6925048828125, 215.1982879638672, 217.03485107421875, 216.43199157714844, 216.1218719482422, 217.7986602783203, 217.9558868408203, 216.6057891845703, 216.9702911376953, 218.57565307617188, 216.76022338867188, 216.91236877441406, 217.59634399414062, 219.36512756347656, 219.31004333496094, 218.282470703125, 220.36305236816406, 220.5944366455078, 220.2623291015625, 220.1334228515625, 221.01637268066406, 220.96339416503906, 221.57562255859375, 223.58570861816406, 222.55300903320312, 223.1053009033203, 223.92013549804688, 224.18679809570312, 223.2938995361328, 222.47439575195312, 224.60057067871094, 223.31874084472656, 224.30584716796875, 223.68177795410156, 225.872314453125, 226.5346221923828], "val_hits10": [0.0033646991730824066, 0.4356715141146279, 0.4570573139435415, 0.45597376675220985, 0.4663530082691759, 0.46572569147419446, 0.46954662104362704, 0.47060165383518676, 0.4728542914171657, 0.4763045337895637, 0.47619047619047616, 0.48061020815511835, 0.476732249786142, 0.47927003136583973, 0.4784431137724551, 0.4791274593669803, 0.47984031936127747, 0.4832620473339036, 0.483917878528657, 0.48554319931565443, 0.4835186769318506, 0.4823781009409752, 0.4867693185058454, 0.48494439692044483, 0.4847733105218135, 0.4827487881380097, 0.4830909609352723, 0.4831194753350442, 0.4830624465355004, 0.4851725121186199, 0.48534359851725123, 0.4842030225263758, 0.4835186769318506, 0.4857428001140576, 0.4860849729113202, 0.48659823210721415, 0.48622754491017967, 0.48488736812090105, 0.48488736812090105, 0.48830909609352724, 0.48232107214143144], "val_hits5": [0.0032791559737667523, 0.3382663244938694, 0.358426005132592, 0.3567721699458226, 0.3677787282577702, 0.3665240946678072, 0.3675506130595951, 0.3725976618192187, 0.37419446820644425, 0.37701739378386084, 0.3750213857998289, 0.3787852865697177, 0.3769318505845452, 0.37781579697747364, 0.3771884801824922, 0.38115198175078413, 0.380695751354434, 0.38269175933846594, 0.3866837753065298, 0.3852010265183918, 0.38309096093527234, 0.38682634730538923, 0.3887368120901055, 0.3883090960935272, 0.38842315369261476, 0.3870259481037924, 0.38808098089535215, 0.38862275449101796, 0.38696891930424865, 0.3875962360992301, 0.38822355289421157, 0.3896492728828058, 0.39084687767322496, 0.38659823210721417, 0.39150270886797833, 0.38959224408326204, 0.38942115768463076, 0.3901625320786997, 0.3875962360992301, 0.3913886512688908, 0.38768177929854575], "val_hits3": [0.0032506415739948676, 0.27362418021100654, 0.2892215568862275, 0.288622754491018, 0.3001710863986313, 0.29857428001140573, 0.2963216424294269, 0.30268035357855716, 0.30627316794981463, 0.30724265754205876, 0.3072996863416025, 0.31006558311947535, 0.30841174793270604, 0.3077844311377245, 0.3106643855146849, 0.3140575990875392, 0.3112631879098945, 0.31189050470487595, 0.3153692614770459, 0.3155688622754491, 0.3145708582834331, 0.3157969774736242, 0.3171941830624465, 0.31907613344739094, 0.3202167094382663, 0.31978899344168804, 0.3187909894496721, 0.31973196464214426, 0.3199030510407756, 0.3198745366410037, 0.3208725406330197, 0.32124322783005416, 0.3220701454234388, 0.32001710863986316, 0.32335329341317365, 0.3220131166238951, 0.3228685486170516, 0.32224123182207015, 0.3198460222412318, 0.3239235814086113, 0.31978899344168804], "val_hits1": [0.0032506415739948676, 0.16447105788423153, 0.17456515540347875, 0.1760193897918449, 0.18112346735101226, 0.18120901055032793, 0.1802680353578557, 0.18454519532363844, 0.18759623609923012, 0.18696891930424864, 0.18879384088964926, 0.18919304248645566, 0.18605645851154834, 0.18973481608212148, 0.1915312232677502, 0.19076133447390933, 0.1909609352723125, 0.1939834616481323, 0.19372683205018534, 0.19729113202167095, 0.1941545480467636, 0.19384088964927287, 0.1977473624180211, 0.19948674080410608, 0.1988594240091246, 0.19854576561163387, 0.19640718562874251, 0.1981465640148275, 0.20017108639863132, 0.19931565440547477, 0.1990305104077559, 0.20017108639863132, 0.20105503279155973, 0.19988594240091245, 0.2009124607927003, 0.2013401767892786, 0.20216709438266325, 0.20202452238380383, 0.20068434559452525, 0.2027944111776447, 0.20148274878813802], "train_time": [56.42057728767395, 56.50520610809326, 56.24296808242798, 56.29333734512329, 56.39153838157654, 56.40075635910034, 56.40831995010376, 56.04042410850525, 56.18015503883362, 56.37235927581787, 56.0727972984314, 56.15419960021973, 56.26924681663513, 56.39132881164551, 56.24079394340515, 56.27761912345886, 56.0038537979126, 55.84335899353027, 55.92087697982788, 56.36948275566101, 56.35646677017212, 56.090251445770264, 56.32400321960449, 56.38976335525513, 56.252965450286865, 56.36494493484497, 56.41024041175842, 56.20632362365723, 56.37288570404053, 56.38579511642456, 56.22032976150513, 56.104639530181885, 56.358651638031006, 56.3581748008728, 56.21192717552185, 56.190749406814575, 56.25557494163513, 56.097880840301514, 56.19905877113342, 56.268091440200806, 56.20639419555664]}