{"epoch": [0, 100, 200, 300, 400, 500, 600, 700, 800, 900, 1000], "val_mrr": [0.0036759183276444674, 0.22067207098007202, 0.23535799980163574, 0.24353435635566711, 0.2441876232624054, 0.25109368562698364, 0.2519456744194031, 0.2534925639629364, 0.25656411051750183, 0.2578260600566864, 0.2579785883426666], "val_mr": [7365.19384765625, 352.4715576171875, 326.5286865234375, 317.0662536621094, 304.5062561035156, 302.2952880859375, 298.2547912597656, 293.339111328125, 288.6047668457031, 292.2336730957031, 285.1373596191406], "val_hits10": [0.0033646991730824066, 0.37855717137154266, 0.3992015968063872, 0.407927003136584, 0.41285999429712006, 0.41514114627887083, 0.4211861990305104, 0.42207014542343885, 0.42389506700883944, 0.4248075278015398, 0.42614770459081835], "val_hits5": [0.003336184773310522, 0.29820359281437125, 0.3165098374679213, 0.32723125178215, 0.3296549757627602, 0.33467351012261193, 0.3361847733105218, 0.33855146849158824, 0.34100370687197035, 0.34516680923866555, 0.3446820644425435], "val_hits3": [0.003222127174222983, 0.24359851725121187, 0.2605645851154833, 0.269803250641574, 0.2703165098374679, 0.27798688337610494, 0.2784145993726832, 0.2807242657542059, 0.2817792985457656, 0.28751069289991443, 0.2856572569147419], "val_hits1": [0.0031936127744510976, 0.1424294268605646, 0.15389221556886226, 0.16082121471343028, 0.16027944111776446, 0.16857713145138295, 0.16777872825777018, 0.16911890504704877, 0.1738808098089535, 0.1727972626176219, 0.17336755061305958], "train_time": [62.006768465042114, 62.251370429992676, 62.39166784286499, 62.201420545578, 62.229857444763184, 62.22991180419922, 61.6200065612793, 61.62735843658447, 61.694597244262695, 61.720969438552856, 61.71193218231201]}