{"epoch": [0, 100, 200, 300, 400, 500, 600, 700, 800, 900, 1000, 1100, 1200, 1300, 1400, 1500, 1600, 1700, 1800, 1900, 2000], "val_mrr": [0.11301030963659286, 0.2516588270664215, 0.2787799835205078, 0.2856397032737732, 0.2875264585018158, 0.29281872510910034, 0.2928307354450226, 0.2956352233886719, 0.2957828640937805, 0.29606011509895325, 0.2971618175506592, 0.297274649143219, 0.2990589439868927, 0.2998669743537903, 0.30068957805633545, 0.30032873153686523, 0.3002905249595642, 0.30106121301651, 0.3018423020839691, 0.30209168791770935, 0.30198436975479126], "val_mr": [7273.5927734375, 333.9944152832031, 260.81298828125, 245.16526794433594, 240.41192626953125, 236.81109619140625, 234.2937774658203, 234.14234924316406, 233.42095947265625, 232.6804962158203, 231.95391845703125, 232.4606475830078, 231.43878173828125, 232.23866271972656, 231.30319213867188, 231.2305145263672, 230.95211791992188, 231.02484130859375, 230.65109252929688, 231.32498168945312, 230.73406982421875], "val_hits10": [0.11285999429712004, 0.434416880524665, 0.46612489307100086, 0.4727972626176219, 0.47619047619047616, 0.48206444254348446, 0.48223552894211574, 0.4819503849443969, 0.4830624465355004, 0.4837182777302538, 0.48408896492728826, 0.4857142857142857, 0.4859138865126889, 0.48545765611633873, 0.4834616481323068, 0.4842600513259196, 0.4843170801254634, 0.48545765611633873, 0.4871685201026518, 0.4861705161106359, 0.4884231536926148], "val_hits5": [0.11285999429712004, 0.341830624465355, 0.37216994582264046, 0.3808098089535215, 0.382663244938694, 0.3890504704875962, 0.3885086968919304, 0.39124607927003135, 0.39270031365839747, 0.39221556886227543, 0.3931280296549758, 0.39441117764471056, 0.39677787282577703, 0.3953236384374109, 0.3947248360422013, 0.39703450242372396, 0.3943541488451668, 0.3958368976333048, 0.3980610208155118, 0.3970059880239521, 0.39823210721414315], "val_hits3": [0.11285999429712004, 0.2795551753635586, 0.3094382663244939, 0.3149985742800114, 0.3156829198745366, 0.3236099230111206, 0.3242372398061021, 0.3268605645851155, 0.32631879098944966, 0.32617621899059024, 0.32837182777302537, 0.3283433133732535, 0.331936127744511, 0.32956943256344456, 0.3317365269461078, 0.33236384374108924, 0.33165098374679214, 0.3303963501568292, 0.3322783005417736, 0.3327915597376675, 0.3326204733390362], "val_hits1": [0.11285999429712004, 0.16318790989449672, 0.18753920729968634, 0.19455374964357, 0.19637867122897062, 0.2015112631879099, 0.2009694895922441, 0.20419161676646708, 0.20501853435985173, 0.20496150556030795, 0.2060450527516396, 0.2059880239520958, 0.20812660393498716, 0.2099230111206159, 0.21074992871400058, 0.21003706871970346, 0.20986598232107215, 0.21123467351012262, 0.21166238950670088, 0.21209010550327917, 0.21191901910464786], "train_time": [10.19162917137146, 10.428793668746948, 10.372278690338135, 10.443950176239014, 10.44429874420166, 10.338134050369263, 10.431436777114868, 10.410076379776001, 10.263190269470215, 10.456967830657959, 10.421698808670044, 10.44229507446289, 10.399960279464722, 10.441959381103516, 10.406909465789795, 10.101872444152832, 10.089570999145508, 10.63615083694458, 10.64620327949524, 10.547166347503662, 10.188973903656006]}