{"epoch": [0, 100, 200, 300, 400, 500, 600, 700, 800, 900, 1000], "val_mrr": [0.022025125101208687, 0.249156653881073, 0.2594202160835266, 0.2646070718765259, 0.26906728744506836, 0.2745813727378845, 0.27793237566947937, 0.27682217955589294, 0.27817413210868835, 0.2819318473339081, 0.28475356101989746], "val_mr": [7381.6962890625, 254.72398376464844, 271.0527648925781, 269.8748779296875, 266.69677734375, 264.4521179199219, 261.2049255371094, 259.10614013671875, 255.2122344970703, 251.2687530517578, 249.49583435058594], "val_hits10": [0.02172797262617622, 0.427972626176219, 0.4441117764471058, 0.44873110921015114, 0.45571713715426293, 0.4585400627316795, 0.4613344739093242, 0.45999429712004564, 0.46258910749928717, 0.4664100370687197, 0.4690333618477331], "val_hits5": [0.02172797262617622, 0.3330767037353864, 0.34613629883090963, 0.3527516395779869, 0.3592814371257485, 0.364613629883091, 0.37045908183632736, 0.36780724265754206, 0.368320501853436, 0.3738237810094098, 0.3760193897918449], "val_hits3": [0.02172797262617622, 0.26948959224408325, 0.2801254633589963, 0.2885086968919304, 0.29332763045337895, 0.30005702879954377, 0.30347875677216996, 0.3015968063872255, 0.3047619047619048, 0.307670373538637, 0.3126033646991731], "val_hits1": [0.02172797262617622, 0.16427145708582835, 0.17293983461648132, 0.17724550898203592, 0.18058169375534644, 0.18654120330767038, 0.18953521528371828, 0.1889364128885087, 0.18910749928714002, 0.193071000855432, 0.19577986883376106], "train_time": [54.8857696056366, 54.84255838394165, 54.82365584373474, 55.31970191001892, 54.84044408798218, 54.8801543712616, 54.86373281478882, 54.83654546737671, 54.83628058433533, 54.87748861312866, 54.84854745864868]}