{"epoch": [0, 100, 200, 300, 400, 500, 600, 700, 800, 900, 1000], "val_mrr": [0.07878100872039795, 0.2637440264225006, 0.26791802048683167, 0.2712521255016327, 0.2720942497253418, 0.27277523279190063, 0.27266359329223633, 0.2686057984828949, 0.27124813199043274, 0.2754667103290558, 0.2712038457393646], "val_mr": [7220.28369140625, 202.43093872070312, 210.09506225585938, 218.8724822998047, 219.21762084960938, 217.35177612304688, 220.86614990234375, 216.163818359375, 216.57569885253906, 212.5008544921875, 208.99989318847656], "val_hits10": [0.07858568577131451, 0.4577701739378386, 0.4711434274308526, 0.4753635585970915, 0.47798688337610495, 0.4818078129455375, 0.48003992015968067, 0.4816367265469062, 0.4830624465355004, 0.4881380096948959, 0.48725406330196747], "val_hits5": [0.07858568577131451, 0.360650128314799, 0.3701454234388366, 0.37445109780439123, 0.37313943541488453, 0.37661819218705445, 0.3773025377815797, 0.37476475620188193, 0.37887082976903336, 0.38531508411747933, 0.3822070145423439], "val_hits3": [0.07858568577131451, 0.29218705446250354, 0.29575135443398914, 0.3013116623895067, 0.3001425719988594, 0.30499001996007985, 0.30441973196464217, 0.3003992015968064, 0.3022526375819789, 0.31043627031650983, 0.3065583119475335], "val_hits1": [0.07858568577131451, 0.1692329626461363, 0.17117194183062445, 0.17308240661534074, 0.17499287140005704, 0.1728257770173938, 0.17305389221556886, 0.1678927858568577, 0.17014542343883662, 0.17376675220986598, 0.16800684345594524], "train_time": [68.58444786071777, 68.29606652259827, 68.33656811714172, 68.3421516418457, 68.49721431732178, 68.270925283432, 68.33065748214722, 68.2952971458435, 68.32727003097534, 68.27517461776733, 68.25393915176392]}