{"epoch": [0, 100, 200, 300, 400, 500, 600, 700, 800, 900, 1000, 1100, 1200, 1300, 1400, 1500, 1600, 1700, 1800, 1900, 2000], "val_mrr": [0.003706991206854582, 0.25324055552482605, 0.2608882784843445, 0.2668027877807617, 0.2712360918521881, 0.27421385049819946, 0.2766076624393463, 0.27848103642463684, 0.27838486433029175, 0.28109875321388245, 0.28395876288414, 0.285273939371109, 0.28591370582580566, 0.28547394275665283, 0.2876131534576416, 0.28844335675239563, 0.2882959842681885, 0.2910139560699463, 0.29214712977409363, 0.2927028238773346, 0.2932743430137634], "val_mr": [7373.47607421875, 194.33604431152344, 198.93707275390625, 204.6563720703125, 209.28257751464844, 207.69529724121094, 208.58291625976562, 210.2606201171875, 212.2261505126953, 210.8543243408203, 209.5767364501953, 212.6197052001953, 210.69342041015625, 210.8324737548828, 212.235107421875, 211.1147918701172, 211.73635864257812, 211.31488037109375, 211.16766357421875, 210.26487731933594, 211.09571838378906], "val_hits10": [0.0033646991730824066, 0.4402053036783576, 0.4522668947818648, 0.4593669803250642, 0.46518391787852864, 0.46803535785571715, 0.46994582264043344, 0.4716566866267465, 0.47268320501853434, 0.4735956658112347, 0.47758768177929856, 0.47830054177359566, 0.4771029369831765, 0.4778728257770174, 0.4812945537496436, 0.48263473053892214, 0.48072426575420585, 0.4831194753350442, 0.48474479612204163, 0.4837182777302538, 0.48622754491017967], "val_hits5": [0.0032791559737667523, 0.34376960364984316, 0.35292272597661817, 0.3604505275163958, 0.3667236954662104, 0.36874821785001427, 0.3701739378386085, 0.37499287140005705, 0.3723125178214999, 0.37650413458796694, 0.38078129455374965, 0.3810094097519247, 0.3801254633589963, 0.38098089535215285, 0.3839749073282007, 0.3847733105218135, 0.38203592814371257, 0.38545765611633875, 0.3882520672939835, 0.38756772169945825, 0.3893071000855432], "val_hits3": [0.0032506415739948676, 0.2767037353863701, 0.28654120330767036, 0.29267179925862563, 0.3, 0.3017108639863131, 0.3026518391787853, 0.3075278015397776, 0.30627316794981463, 0.30892500712859994, 0.3114057599087539, 0.3124037639007699, 0.31283147989734816, 0.31092101511263187, 0.315597376675221, 0.3148274878813801, 0.31631023666951813, 0.3175933846592529, 0.3198460222412318, 0.31993156544054746, 0.3215854006273168], "val_hits1": [0.0032506415739948676, 0.1630168234958654, 0.16928999144568008, 0.1743085258055318, 0.17798688337610494, 0.18135158254918735, 0.18451668092386656, 0.18617051611063587, 0.18531508411747932, 0.1883376104932991, 0.1915597376675221, 0.19292842885657258, 0.19489592244083262, 0.19404049044767607, 0.19538066723695466, 0.1964642144282863, 0.19629312802965498, 0.19971485600228114, 0.19991445680068434, 0.2015112631879099, 0.20119760479041915], "train_time": [58.652204275131226, 58.086243629455566, 57.73042893409729, 58.27849578857422, 58.646244764328, 58.17142963409424, 57.97864103317261, 58.419811964035034, 57.66566705703735, 58.5364043712616, 57.928308725357056, 57.86435532569885, 57.70924496650696, 57.84194540977478, 57.83209443092346, 59.11550211906433, 57.4115252494812, 59.011874198913574, 59.05189633369446, 59.04164099693298, 57.51282501220703]}