{"epoch": [0, 100, 200, 300, 400, 500, 600, 700, 800, 900, 1000, 1100, 1200, 1300, 1400, 1500, 1600, 1700, 1800, 1900, 2000], "val_mrr": [0.004658015910536051, 0.2575302720069885, 0.25856056809425354, 0.2688046395778656, 0.2733864188194275, 0.2735328674316406, 0.274282306432724, 0.277721107006073, 0.2808637320995331, 0.2816440761089325, 0.2826167047023773, 0.2844439148902893, 0.28616461157798767, 0.2875019907951355, 0.28595370054244995, 0.2875117361545563, 0.289066344499588, 0.2880096435546875, 0.2892293632030487, 0.2906179130077362, 0.2905333340167999], "val_mr": [7352.1005859375, 196.66844177246094, 205.6116943359375, 203.89694213867188, 207.9867706298828, 211.3126678466797, 209.95751953125, 212.4425506591797, 210.49546813964844, 210.4785614013672, 209.10696411132812, 210.42483520507812, 211.99221801757812, 211.36647033691406, 211.55831909179688, 212.08203125, 211.6191864013672, 212.07205200195312, 211.0696258544922, 212.60736083984375, 211.5797576904297], "val_hits10": [0.004476760764185914, 0.4404049044767608, 0.45152552038779586, 0.45842600513259196, 0.4652979754776162, 0.46743655546050755, 0.46814941545480465, 0.4727972626176219, 0.477473624180211, 0.4750499001996008, 0.4763045337895637, 0.477216994582264, 0.4798973481608212, 0.481437125748503, 0.4823781009409752, 0.48126603934987167, 0.48317650413458796, 0.48397490732820075, 0.48414599372683204, 0.48303393213572854, 0.4850584545195324], "val_hits5": [0.004163102366695181, 0.34550898203592817, 0.35095523239235815, 0.3585400627316795, 0.3671228970630168, 0.36966067864271457, 0.36800684345594525, 0.3731679498146564, 0.376988879384089, 0.3783860849729113, 0.37704590818363276, 0.3798973481608212, 0.3823495865412033, 0.38366124893071, 0.3825777017393784, 0.3830624465355004, 0.38716852010265185, 0.3850299401197605, 0.3863130881094953, 0.38582834331337323, 0.38790989449672086], "val_hits3": [0.004163102366695181, 0.28152266894781863, 0.28209295694325637, 0.291588252067294, 0.29860279441117765, 0.3006843455945252, 0.30057028799543767, 0.30593099515255207, 0.3103507271171942, 0.30952380952380953, 0.3110635871114913, 0.31343028229255776, 0.3137724550898204, 0.3158825206729398, 0.3154262902765897, 0.3175933846592529, 0.31750784145993727, 0.31591103507271173, 0.3181921870544625, 0.31796407185628744, 0.3208725406330197], "val_hits1": [0.004163102366695181, 0.1694040490447676, 0.16732249786142, 0.17927003136583974, 0.18229255774165953, 0.18092386655260906, 0.1822070145423439, 0.18494439692044481, 0.18679783290561733, 0.18953521528371828, 0.19059024807527802, 0.19207299686341603, 0.19384088964927287, 0.1949814656401483, 0.19295694325634447, 0.1945252352437981, 0.1966067864271457, 0.19538066723695466, 0.19632164242942687, 0.1990590248075278, 0.19731964642144284], "train_time": [47.01050424575806, 46.92972278594971, 46.963449001312256, 46.99032759666443, 46.75702452659607, 47.10175657272339, 46.80810594558716, 46.93518114089966, 46.94131875038147, 45.98265194892883, 46.993311405181885, 46.93713164329529, 46.88083815574646, 47.02133584022522, 47.00004982948303, 47.00681114196777, 46.73032760620117, 46.985836029052734, 46.97204566001892, 47.027058124542236, 45.89413046836853]}