{"epoch": [0, 100, 200, 300, 400, 500, 600, 700, 800, 900, 1000], "val_mrr": [0.000847041083034128, 0.2105330228805542, 0.22771215438842773, 0.24208004772663116, 0.24645234644412994, 0.25510841608047485, 0.25569406151771545, 0.2597040832042694, 0.2606504559516907, 0.26330164074897766, 0.2658300995826721], "val_mr": [7391.00927734375, 243.9433135986328, 221.54397583007812, 212.75332641601562, 208.87310791015625, 206.32757568359375, 202.89141845703125, 203.0145721435547, 201.27978515625, 200.59259033203125, 199.01736450195312], "val_hits10": [0.0009124607927003136, 0.37847162817222696, 0.41337325349301396, 0.43219275734245793, 0.4404049044767608, 0.4480467636156259, 0.45406330196749356, 0.4519247219846022, 0.4581123467351012, 0.4614770459081836, 0.46498431708012544], "val_hits5": [0.0005132591958939265, 0.285400627316795, 0.31439977188480184, 0.33410322212717425, 0.34003421727972627, 0.3501853435985173, 0.350499001996008, 0.3557456515540348, 0.3572569147419447, 0.3609637867122897, 0.3645280866837753], "val_hits3": [0.00028514399771884804, 0.2275734245794126, 0.2480467636156259, 0.26763615625891074, 0.27100085543199315, 0.2813800969489592, 0.28166524094667805, 0.28599942971200454, 0.28628457370972343, 0.2919019104647847, 0.2950955232392358], "val_hits1": [0.0002281151981750784, 0.13011120615911034, 0.1394354148845167, 0.1502994011976048, 0.1536641003706872, 0.1619047619047619, 0.16142001710863987, 0.16535500427715996, 0.1656401482748788, 0.16760764185913887, 0.16994582264043342], "train_time": [7.122431039810181, 8.469383716583252, 8.359257221221924, 9.473822116851807, 8.32622241973877, 9.572076320648193, 8.355284452438354, 8.306535720825195, 7.020871639251709, 8.321048974990845, 9.307002067565918]}