{"epoch": [0, 100, 200, 300, 400, 500, 600, 700, 800, 900, 1000], "val_mrr": [0.0010474307928234339, 0.24251368641853333, 0.2569056451320648, 0.26373764872550964, 0.2733689844608307, 0.2758142054080963, 0.2781822979450226, 0.2812735140323639, 0.2852664589881897, 0.28616511821746826, 0.2887410521507263], "val_mr": [7377.685546875, 235.26487731933594, 224.0531768798828, 217.28477478027344, 216.101318359375, 214.81796264648438, 211.59603881835938, 210.76564025878906, 209.31195068359375, 208.8746795654297, 207.7700653076172], "val_hits10": [0.001026518391787853, 0.4335614485315084, 0.44967208440262335, 0.4603649843170801, 0.4676646706586826, 0.4703450242372398, 0.4739093242087254, 0.47513544339891645, 0.4802680353578557, 0.48286284573709726, 0.48146564014827486], "val_hits5": [0.0008269175933846593, 0.3343313373253493, 0.35192472198460223, 0.3619617907043057, 0.3705161106358711, 0.37485029940119763, 0.3763900769888794, 0.378956372968349, 0.3838608497291132, 0.3846307385229541, 0.3876532648987739], "val_hits3": [0.0004847447961220416, 0.26889078984887366, 0.28351867693185057, 0.29292842885657255, 0.30359281437125746, 0.30644425434844597, 0.30735671514114626, 0.3090105503279156, 0.3157684630738523, 0.3136583974907328, 0.31907613344739094], "val_hits1": [0.0003992015968063872, 0.15089820359281436, 0.16404334188765327, 0.1690333618477331, 0.17944111776447105, 0.1816082121471343, 0.18434559452523525, 0.1879669232962646, 0.19141716566866268, 0.19298545765611633, 0.19526660963786713], "train_time": [43.29007291793823, 43.75180268287659, 43.089582204818726, 42.459969997406006, 42.55547499656677, 44.07223963737488, 42.79846405982971, 42.77262282371521, 44.22202396392822, 42.760788679122925, 43.318623781204224]}