{"epoch": [0, 100, 200, 300, 400, 500, 600, 700, 800, 900, 1000], "val_mrr": [0.12121699750423431, 0.24794690310955048, 0.27842283248901367, 0.28443631529808044, 0.2898816168308258, 0.2925669252872467, 0.29498520493507385, 0.2959532141685486, 0.2976427674293518, 0.29795655608177185, 0.30013900995254517], "val_mr": [7258.3330078125, 336.1446838378906, 259.6864929199219, 242.13230895996094, 236.61370849609375, 232.76612854003906, 231.20895385742188, 226.75440979003906, 226.36033630371094, 225.78565979003906, 225.62831115722656], "val_hits10": [0.12107214143142286, 0.432420872540633, 0.4667522098659823, 0.4733390362132877, 0.47935557456515543, 0.48061020815511835, 0.4823495865412033, 0.4851725121186199, 0.4857713145138295, 0.48602794411177647, 0.48905047048759626], "val_hits5": [0.12107214143142286, 0.34376960364984316, 0.37214143142286854, 0.3773310521813516, 0.383176504134588, 0.38582834331337323, 0.3898203592814371, 0.3917593384659253, 0.3937268320501853, 0.3934416880524665, 0.39560878243512976], "val_hits3": [0.12107214143142286, 0.2765041345879669, 0.30524664955802683, 0.31340176789278584, 0.3171941830624465, 0.3206729398346165, 0.3245223838038209, 0.32651839178785286, 0.3268035357855717, 0.32723125178215, 0.3304248645566011], "val_hits1": [0.12107214143142286, 0.15731394354148845, 0.18822355289421158, 0.19352723125178214, 0.19997148560022812, 0.20248075278015398, 0.20490447676076418, 0.20501853435985173, 0.20724265754205873, 0.2074992871400057, 0.20952380952380953], "train_time": [10.5171537399292, 10.559982299804688, 10.576268911361694, 10.521133184432983, 10.635024309158325, 10.518232345581055, 10.560302257537842, 10.480344295501709, 10.660693883895874, 10.520070791244507, 10.570893287658691]}