{"epoch": [0, 100, 200, 300, 400, 500, 600, 700, 800, 900, 1000], "val_mrr": [0.1164303869009018, 0.251447856426239, 0.277591735124588, 0.2842288613319397, 0.28992611169815063, 0.2931337356567383, 0.2936107814311981, 0.2943962514400482, 0.2967873513698578, 0.29780155420303345, 0.2977249324321747], "val_mr": [7244.88037109375, 337.50885009765625, 259.8116149902344, 245.3673553466797, 240.05406188964844, 235.61349487304688, 232.46792602539062, 228.78956604003906, 227.784423828125, 226.17819213867188, 225.43014526367188], "val_hits10": [0.11628172226974622, 0.4364414029084688, 0.46797832905617337, 0.47476475620188197, 0.4799828913601369, 0.4820074137439407, 0.4815796977473624, 0.4837182777302538, 0.48599942971200455, 0.48454519532363843, 0.48659823210721415], "val_hits5": [0.11628172226974622, 0.34345594525235246, 0.3756772169945823, 0.3818078129455375, 0.3856857713145138, 0.3890504704875962, 0.39078984887368123, 0.39275734245794125, 0.39449672084402626, 0.39421157684630737, 0.3952380952380952], "val_hits3": [0.11628172226974622, 0.2791844881665241, 0.3082406615340747, 0.3154262902765897, 0.3193327630453379, 0.3236384374108925, 0.32389506700883947, 0.32435129740518964, 0.3266039349871685, 0.3277445109780439, 0.3289136013686912], "val_hits1": [0.11628172226974622, 0.16256059309951526, 0.1855431993156544, 0.1925007128599943, 0.19934416880524666, 0.20173937838608497, 0.20208155118334759, 0.20239520958083831, 0.20575990875392072, 0.2069004847447961, 0.2059880239520958], "train_time": [10.32964825630188, 10.555079936981201, 10.536037683486938, 10.469063997268677, 10.545164108276367, 10.458616256713867, 10.505432844161987, 10.42823338508606, 10.506080150604248, 10.577579259872437, 10.400408506393433]}