{"epoch": [0, 100, 200, 300, 400, 500, 600, 700, 800, 900, 1000], "val_mrr": [0.11301030963659286, 0.24880973994731903, 0.2733832001686096, 0.28435617685317993, 0.2895832657814026, 0.2925850749015808, 0.2933143973350525, 0.2955782115459442, 0.29904499650001526, 0.29837656021118164, 0.2998749017715454], "val_mr": [7273.5927734375, 348.73736572265625, 228.42539978027344, 201.8238067626953, 192.89247131347656, 190.84300231933594, 185.7539520263672, 185.57861328125, 185.08172607421875, 185.9220428466797, 185.60848999023438], "val_hits10": [0.11285999429712004, 0.4052466495580268, 0.4535215283718278, 0.4709153122326775, 0.47981180496150555, 0.4838608497291132, 0.4865126889078985, 0.4914456800684346, 0.48870829769033364, 0.49070430567436557, 0.49204448246364413], "val_hits5": [0.11285999429712004, 0.32526375819788994, 0.360393498716852, 0.3771314513829484, 0.38354719133162246, 0.3883090960935272, 0.38999144568006844, 0.3916167664670659, 0.3946963216424294, 0.3953521528371828, 0.39797547761619617], "val_hits3": [0.11285999429712004, 0.2725691474194468, 0.2983176504134588, 0.31043627031650983, 0.31611063587111493, 0.3205018534359852, 0.3200741374394069, 0.32258340461933277, 0.3266609637867123, 0.32731679498146565, 0.32859994297120043], "val_hits1": [0.11285999429712004, 0.17014542343883662, 0.18622754491017965, 0.19455374964357, 0.1983176504134588, 0.20062731679498147, 0.20153977758768177, 0.20305104077559166, 0.2067579127459367, 0.20504704875962362, 0.20664385514684916], "train_time": [9.34473967552185, 9.445162296295166, 9.526886940002441, 9.955373764038086, 9.543606996536255, 9.348840951919556, 9.51695728302002, 9.710731744766235, 9.335750341415405, 9.257013320922852, 9.363802433013916], "times_eta_filtered": [21, 24, 27, 16, 14, 14, 28, 13, 19, 14]}