{"epoch": [0, 100, 200, 300, 400, 500, 600, 700, 800, 900, 1000], "val_mrr": [0.11973628401756287, 0.2520016133785248, 0.2804613411426544, 0.28713342547416687, 0.2911905348300934, 0.29319140315055847, 0.2955869436264038, 0.29620787501335144, 0.29827508330345154, 0.29959118366241455, 0.30034199357032776], "val_mr": [7271.35400390625, 333.6923522949219, 259.02020263671875, 246.04208374023438, 240.00379943847656, 236.8633575439453, 234.2013397216797, 231.8921661376953, 232.158447265625, 230.7200469970703, 230.31369018554688], "val_hits10": [0.11958939264328486, 0.4317080125463359, 0.46649558026803534, 0.4743085258055318, 0.47821499857428, 0.4808953521528372, 0.4823781009409752, 0.48565725691474193, 0.4862560593099515, 0.48565725691474193, 0.48733960650128316], "val_hits5": [0.11958939264328486, 0.3424294268605646, 0.37339606501283146, 0.38129455374964355, 0.3879384088964927, 0.3886512688907898, 0.392329626461363, 0.3943541488451668, 0.3932420872540633, 0.3952380952380952, 0.3963501568291987], "val_hits3": [0.11958939264328486, 0.27810094097519245, 0.30972341032221273, 0.3155688622754491, 0.3214713430282293, 0.32335329341317365, 0.32617621899059024, 0.32751639577986885, 0.3271457085828343, 0.330196749358426, 0.33105218135158254], "val_hits1": [0.11958939264328486, 0.16478471628172228, 0.19067579127459366, 0.1962646136298831, 0.20059880239520958, 0.2026518391787853, 0.204704875962361, 0.20550327915597377, 0.2084402623324779, 0.2091816367265469, 0.21020815511833477], "train_time": [9.006239175796509, 8.942503213882446, 9.141472816467285, 9.085868120193481, 8.775090456008911, 8.805729627609253, 8.964241027832031, 8.868195295333862, 8.754429340362549, 8.84739375114441, 9.359309673309326]}