{"epoch": [0, 100, 200, 300, 400, 500, 600, 700, 800, 900, 1000], "val_mrr": [0.11301030963659286, 0.24622897803783417, 0.27710601687431335, 0.2848721742630005, 0.2881174683570862, 0.29246729612350464, 0.29442813992500305, 0.29615047574043274, 0.29613184928894043, 0.2977902591228485, 0.29886433482170105], "val_mr": [7273.5927734375, 327.4667053222656, 259.5547180175781, 244.71578979492188, 239.57591247558594, 236.11248779296875, 234.9632110595703, 231.15594482421875, 230.42266845703125, 230.12554931640625, 229.89047241210938], "val_hits10": [0.11285999429712004, 0.43464499572284004, 0.4676076418591389, 0.4747077274023382, 0.4783860849729113, 0.4798973481608212, 0.480439121756487, 0.4823495865412033, 0.48357570573139436, 0.48337610493299116, 0.48528656971770745], "val_hits5": [0.11285999429712004, 0.3405759908753921, 0.3746221842030225, 0.3804106073567151, 0.3849443969204448, 0.3862845737097234, 0.39059024807527803, 0.39144568006843455, 0.39244368406045055, 0.39375534644995724, 0.3937268320501853], "val_hits3": [0.11285999429712004, 0.27567721699458225, 0.30735671514114626, 0.3158825206729398, 0.32070145423438834, 0.3212717422298261, 0.3241231822070145, 0.3260906757912746, 0.32728828058169374, 0.3296549757627602, 0.32974051896207585], "val_hits1": [0.11285999429712004, 0.1551468491588252, 0.18457370972341033, 0.1930424864556601, 0.1958939264328486, 0.20171086398631308, 0.20362132877102937, 0.20544625035643, 0.20441973196464214, 0.2065583119475335, 0.20801254633589963], "train_time": [8.734742164611816, 9.421232461929321, 9.221752166748047, 9.493050575256348, 8.92502474784851, 9.028762340545654, 8.999540567398071, 9.2221097946167, 9.18197774887085, 9.066384315490723, 9.091660261154175]}