{"epoch": [0, 100, 200, 300, 400, 500, 600, 700, 800, 900, 1000], "val_mrr": [0.000847041083034128, 0.010162003338336945, 0.009874929673969746, 0.009267515502870083, 0.00895098876208067, 0.009309127926826477, 0.010146408341825008, 0.01015056949108839, 0.010486563667654991, 0.010626549832522869, 0.009975631721317768], "val_mr": [7391.00927734375, 3431.751708984375, 3411.22607421875, 3428.5400390625, 3404.5546875, 3413.91845703125, 3409.707275390625, 3380.4267578125, 3358.59423828125, 3351.898193359375, 3326.299560546875], "val_hits10": [0.0009124607927003136, 0.02209865982321072, 0.0223267750213858, 0.01639577986883376, 0.018391787852865698, 0.01762189905902481, 0.022412318220701454, 0.0223267750213858, 0.024893071000855433, 0.021214713430282292, 0.02226974622184203], "val_hits5": [0.0005132591958939265, 0.015511833475905332, 0.015340747077274024, 0.01080695751354434, 0.010949529512403765, 0.010578842315369262, 0.011919019104647847, 0.010521813515825491, 0.010493299116053607, 0.010464784716281723, 0.011006558311947533], "val_hits3": [0.00028514399771884804, 0.0073567151411462785, 0.007927003136583975, 0.007898488736812091, 0.003992015968063872, 0.004505275163957798, 0.008212147134302824, 0.008183632734530938, 0.006159110350727117, 0.008098089535215285, 0.004362703165098375], "val_hits1": [0.0002281151981750784, 0.0013116623895067009, 0.0009124607927003136, 0.0012831479897348161, 0.0011120615911035072, 0.0015397775876817793, 0.0012831479897348161, 0.0013116623895067009, 0.0014827487881380096, 0.0013686911890504706, 0.0014542343883661248], "train_time": [44.31017327308655, 44.14800810813904, 49.694278955459595, 43.621936559677124, 43.12664580345154, 43.67872977256775, 43.66898536682129, 43.67007780075073, 46.58413767814636, 43.72733449935913, 43.667396545410156]}