{"epoch": [0, 100, 200, 300, 400, 500, 600, 700, 800, 900, 1000], "val_mrr": [0.0011718783061951399, 0.24023061990737915, 0.25694260001182556, 0.2671002447605133, 0.27257612347602844, 0.2759894132614136, 0.2789851129055023, 0.28014862537384033, 0.28344598412513733, 0.28483790159225464, 0.28465402126312256], "val_mr": [7353.126953125, 231.69070434570312, 218.00376892089844, 214.22335815429688, 211.32504272460938, 211.0523223876953, 208.18365478515625, 205.753662109375, 204.43344116210938, 204.6324462890625, 203.2830047607422], "val_hits10": [0.001026518391787853, 0.4278870829769033, 0.4519532363843741, 0.46763615625891075, 0.4711434274308526, 0.47667522098659826, 0.4785856857713145, 0.4774165953806672, 0.4806672369546621, 0.4830054177359567, 0.48622754491017967], "val_hits5": [0.0007984031936127744, 0.32934131736526945, 0.3543484459652124, 0.36780724265754206, 0.37216994582264046, 0.3763330481893356, 0.37986883376104935, 0.37907043056743656, 0.3845737097234103, 0.38505845451953236, 0.388366124893071], "val_hits3": [0.0006558311947533504, 0.2635871114913031, 0.2862560593099515, 0.2956087824351297, 0.300998003992016, 0.3044767607641859, 0.3090960935272313, 0.3082691759338466, 0.31459937268320504, 0.31340176789278584, 0.316082121471343], "val_hits1": [0.0005988023952095808, 0.15095523239235814, 0.16213287710293697, 0.17236954662104362, 0.17804391217564872, 0.18172226974622185, 0.18426005132591958, 0.1865126889078985, 0.1885942400912461, 0.19130310806957512, 0.1885942400912461], "train_time": [43.80833983421326, 43.435585498809814, 43.53846740722656, 42.87481451034546, 44.51059412956238, 44.58841562271118, 44.5069797039032, 44.36051344871521, 44.48566746711731, 44.410277366638184, 44.53816604614258]}