{"epoch": [0, 100, 200, 300, 400, 500, 600, 700, 800, 900, 1000], "val_mrr": [0.000847041083034128, 0.242589071393013, 0.2617766857147217, 0.26850706338882446, 0.2733994126319885, 0.2767212390899658, 0.28023773431777954, 0.2837153673171997, 0.2835673987865448, 0.2868554890155792, 0.2880522310733795], "val_mr": [7391.00927734375, 231.25314331054688, 220.60743713378906, 216.9720916748047, 215.48992919921875, 214.13841247558594, 213.0132598876953, 211.52720642089844, 210.9149627685547, 211.20550537109375, 208.3576202392578], "val_hits10": [0.0009124607927003136, 0.4283718277730254, 0.4568291987453664, 0.46541203307670376, 0.4694040490447676, 0.47268320501853434, 0.4764185913886513, 0.47644710578842314, 0.47964071856287427, 0.47975477616196177, 0.483404619332763], "val_hits5": [0.0005132591958939265, 0.33572854291417165, 0.3587111491303108, 0.3677502138579983, 0.3717992586256059, 0.37473624180211007, 0.3781864841745081, 0.3794126033646992, 0.3816082121471343, 0.3840889649272883, 0.3852010265183918], "val_hits3": [0.00028514399771884804, 0.26917593384659255, 0.29161676646706586, 0.29709153122326776, 0.3027088679783291, 0.3058739663530083, 0.3082976903336185, 0.3096093527231252, 0.3138294838893641, 0.31659538066723697, 0.3162817222697462], "val_hits1": [0.0002281151981750784, 0.15232392358140862, 0.16678072426575422, 0.1740804106073567, 0.17969774736241803, 0.18297690333618477, 0.18676931850584544, 0.19170230966638152, 0.18979184488166523, 0.19412603364699174, 0.1949529512403764], "train_time": [43.7443950176239, 43.96899390220642, 43.62177014350891, 43.51074719429016, 43.60154604911804, 43.617918491363525, 43.72231602668762, 43.56919741630554, 43.488619565963745, 43.511186599731445, 43.51002812385559]}