{"epoch": [0, 100, 200, 300, 400, 500, 600, 700, 800, 900, 1000], "val_mrr": [0.0008353114244528115, 0.2443903535604477, 0.25998902320861816, 0.2694530487060547, 0.2717817723751068, 0.27706313133239746, 0.27967286109924316, 0.28244709968566895, 0.28494393825531006, 0.28642991185188293, 0.2890625596046448], "val_mr": [7351.3779296875, 229.70819091796875, 218.48922729492188, 216.71434020996094, 215.38905334472656, 213.6391143798828, 212.60653686523438, 211.06265258789062, 210.9560546875, 210.4373016357422, 209.4473876953125], "val_hits10": [0.0006558311947533504, 0.4309666381522669, 0.45546050755631595, 0.46427145708582834, 0.46800684345594523, 0.4741089250071286, 0.4741089250071286, 0.4759623609923011, 0.4788138009694896, 0.48243512974051894, 0.4842600513259196], "val_hits5": [0.00034217279726261765, 0.3333333333333333, 0.35734245794126035, 0.36715141146278873, 0.36988879384088963, 0.37815796977473626, 0.37907043056743656, 0.37907043056743656, 0.3839749073282007, 0.3850299401197605, 0.38571428571428573], "val_hits3": [0.00031365839749073284, 0.2691189050470488, 0.2884231536926148, 0.2992301112061591, 0.30193897918448814, 0.30661534074707725, 0.31083547191331623, 0.31046478471628175, 0.31451382948388934, 0.31602509267179923, 0.31696606786427145], "val_hits1": [0.0002281151981750784, 0.15508982035928143, 0.16632449386940404, 0.17456515540347875, 0.1775306529797548, 0.18294838893641288, 0.18568577131451383, 0.18916452808668377, 0.1917593384659253, 0.1928999144568007, 0.19666381522668946], "train_time": [44.138938903808594, 44.12558937072754, 44.03137993812561, 45.35973906517029, 43.64026236534119, 45.30870223045349, 43.840362310409546, 43.924230098724365, 43.902568340301514, 43.90954065322876, 43.77754330635071]}