{"epoch": [0, 100, 200, 300, 400, 500, 600, 700, 800, 900, 1000], "val_mrr": [0.11301030963659286, 1.0, 1.0, 1.0, 1.0, 1.0, 1.0, 1.0, 1.0, 1.0, 1.0], "val_mr": [7273.5927734375, 1.0, 1.0, 1.0, 1.0, 1.0, 1.0, 1.0, 1.0, 1.0, 1.0], "val_hits10": [0.11285999429712004, 1.0, 1.0, 1.0, 1.0, 1.0, 1.0, 1.0, 1.0, 1.0, 1.0], "val_hits5": [0.11285999429712004, 1.0, 1.0, 1.0, 1.0, 1.0, 1.0, 1.0, 1.0, 1.0, 1.0], "val_hits3": [0.11285999429712004, 1.0, 1.0, 1.0, 1.0, 1.0, 1.0, 1.0, 1.0, 1.0, 1.0], "val_hits1": [0.11285999429712004, 1.0, 1.0, 1.0, 1.0, 1.0, 1.0, 1.0, 1.0, 1.0, 1.0], "train_time": [9.426125764846802, 8.812948226928711, 9.101248264312744, 8.955776691436768, 8.940551519393921, 8.935296773910522, 8.991400480270386, 8.93870759010315, 8.802841424942017, 9.002522706985474, 8.787253379821777]}