{"epoch": [0, 100, 200, 300, 400, 500, 600, 700, 800, 900, 1000], "val_mrr": [0.000847041083034128, 0.21701842546463013, 0.2399691641330719, 0.25084206461906433, 0.2637941241264343, 0.26564082503318787, 0.2676069140434265, 0.27000531554222107, 0.2748725712299347, 0.2760324776172638, 0.27722641825675964], "val_mr": [7391.00927734375, 240.71295166015625, 214.61448669433594, 204.14442443847656, 197.6343536376953, 195.42759704589844, 195.3408660888672, 194.91787719726562, 192.96278381347656, 193.91439819335938, 193.6976318359375], "val_hits10": [0.0009124607927003136, 0.3744225834046193, 0.4089820359281437, 0.42931280296549756, 0.44505275163957797, 0.45069860279441115, 0.454947248360422, 0.45657256914741945, 0.46258910749928717, 0.4654690618762475, 0.4670088394639293], "val_hits5": [0.0005132591958939265, 0.2893356144853151, 0.3208155118334759, 0.3347305389221557, 0.35121186199030513, 0.3570287995437696, 0.3585685771314514, 0.36367265469061877, 0.3630453378956373, 0.370287995437696, 0.37234103222127174], "val_hits3": [0.00028514399771884804, 0.23461648132306814, 0.26258910749928716, 0.2727972626176219, 0.2891360136869119, 0.2884231536926148, 0.2928714000570288, 0.29483889364128885, 0.2988309096093527, 0.3045052751639578, 0.30407755916737955], "val_hits1": [0.0002281151981750784, 0.13932135728542913, 0.15594525235243797, 0.16484174508126603, 0.17533504419731966, 0.17664670658682635, 0.1775306529797548, 0.17952666096378672, 0.18577131451382947, 0.18437410892500714, 0.18522954091816368], "train_time": [44.574604511260986, 44.16242337226868, 44.00891160964966, 43.909600496292114, 43.725988149642944, 43.869553565979004, 43.78582167625427, 43.83486580848694, 43.79118990898132, 43.8037211894989, 43.84161710739136], "times_eta_filtered": [15, 10, 19, 15, 22, 22, 19, 15, 15, 12]}