{"epoch": [0, 100, 200, 300, 400, 500, 600, 700, 800, 900, 1000, 1100, 1200, 1300, 1400, 1500, 1600, 1700, 1800, 1900, 2000, 2100, 2200, 2300, 2400, 2500, 2600, 2700, 2800, 2900, 3000, 3100, 3200, 3300, 3400, 3500, 3600, 3700, 3800, 3900, 4000, 4100, 4200, 4300, 4400, 4500, 4600, 4700, 4800, 4900, 5000, 5100, 5200, 5300, 5400, 5500, 5600, 5700, 5800, 5900, 6000, 6100, 6200, 6300, 6400, 6500, 6600, 6700, 6800, 6900, 7000, 7100, 7200, 7300, 7400, 7500, 7600, 7700, 7800, 7900, 8000], "val_mrr": [0.0010474307928234339, 0.20585882663726807, 0.2320026010274887, 0.24371542036533356, 0.2500508427619934, 0.25509756803512573, 0.256618857383728, 0.26000553369522095, 0.258242666721344, 0.259358674287796, 0.26202234625816345, 0.2588168680667877, 0.25968998670578003, 0.2611086964607239, 0.26238954067230225, 0.2634103298187256, 0.2654346525669098, 0.26358312368392944, 0.2635773718357086, 0.26490962505340576, 0.26387202739715576, 0.2632124722003937, 0.2644678056240082, 0.2629166543483734, 0.2647646963596344, 0.26129263639450073, 0.26156488060951233, 0.26163673400878906, 0.26383572816848755, 0.2617218494415283, 0.26325157284736633, 0.26159176230430603, 0.2626705765724182, 0.2638690769672394, 0.261522114276886, 0.2625212073326111, 0.2601855397224426, 0.2600029408931732, 0.2613489627838135, 0.261311411857605, 0.2622129023075104, 0.2613694369792938, 0.2622045576572418, 0.2588942050933838, 0.26072949171066284, 0.2605338990688324, 0.2609820067882538, 0.26262131333351135, 0.262053906917572, 0.2592844069004059, 0.26133134961128235, 0.2600801885128021, 0.26245489716529846, 0.2617852985858917, 0.2605907618999481, 0.26219552755355835, 0.2641017436981201, 0.26460835337638855, 0.26373720169067383, 0.26242998242378235, 0.26383066177368164, 0.2622649371623993, 0.26423758268356323, 0.2661867141723633, 0.26433295011520386, 0.26392146944999695, 0.2651473879814148, 0.2648395895957947, 0.2657043933868408, 0.26664355397224426, 0.26628854870796204, 0.26328787207603455, 0.2651028633117676, 0.26422300934791565, 0.26816582679748535, 0.2657255232334137, 0.2641724944114685, 0.26708656549453735, 0.26648032665252686, 0.26777932047843933, 0.26766952872276306], "val_mr": [7377.685546875, 247.0013427734375, 225.75363159179688, 217.6855926513672, 215.80706787109375, 212.6875457763672, 208.7765350341797, 208.78924560546875, 207.30328369140625, 206.3568878173828, 205.9802703857422, 204.61248779296875, 203.6781005859375, 204.10829162597656, 204.2448272705078, 203.33352661132812, 202.411376953125, 202.83395385742188, 201.56886291503906, 202.73789978027344, 202.84542846679688, 202.76361083984375, 201.74798583984375, 203.1869659423828, 203.9551544189453, 205.0227813720703, 203.34593200683594, 203.4545135498047, 203.74404907226562, 204.25096130371094, 202.44650268554688, 204.3818359375, 205.2633056640625, 204.38291931152344, 203.5801544189453, 204.5947265625, 204.1220703125, 204.44131469726562, 204.54202270507812, 204.85157775878906, 203.34048461914062, 203.49002075195312, 204.87391662597656, 205.8385009765625, 205.72816467285156, 204.7851104736328, 205.95794677734375, 204.92774963378906, 205.94100952148438, 203.7662353515625, 205.2470245361328, 205.38954162597656, 205.40989685058594, 204.7034149169922, 205.95742797851562, 205.4047088623047, 205.37960815429688, 206.94320678710938, 205.69073486328125, 204.53857421875, 205.61172485351562, 205.88653564453125, 205.29071044921875, 206.8799285888672, 206.29347229003906, 205.660400390625, 205.86007690429688, 205.7377471923828, 206.20333862304688, 204.7378692626953, 205.9567413330078, 206.4536590576172, 206.9944610595703, 205.5096893310547, 204.87796020507812, 206.18223571777344, 206.20364379882812, 205.95030212402344, 205.4803466796875, 206.1180419921875, 205.07696533203125], "val_hits10": [0.001026518391787853, 0.3715141146278871, 0.4129455374964357, 0.4303963501568292, 0.44083262047333904, 0.44682064442543484, 0.453464499572284, 0.45263758197889936, 0.45623039635015683, 0.4575705731394354, 0.4596236099230111, 0.4554034787567722, 0.46107784431137727, 0.4611919019104648, 0.4602794411177645, 0.4632449386940405, 0.46218990590248077, 0.4606216139150271, 0.4647562018819504, 0.464841745081266, 0.46330196749358427, 0.4630168234958654, 0.46176218990590245, 0.46224693470202455, 0.4654975762760194, 0.46518391787852864, 0.46190476190476193, 0.4640433418876533, 0.46290276589677787, 0.4631879098944967, 0.46335899629312804, 0.4624750499001996, 0.4621043627031651, 0.46598232107214144, 0.4625320786997434, 0.4639577986883376, 0.46107784431137727, 0.46159110350727117, 0.4628457370972341, 0.4634160250926718, 0.4632164242942686, 0.4627887082976903, 0.4650413458796692, 0.4593669803250642, 0.4606786427145709, 0.4635871114913031, 0.46221842030225263, 0.46218990590248077, 0.4616766467065868, 0.4602794411177645, 0.462874251497006, 0.4630738522954092, 0.4656401482748788, 0.4632164242942686, 0.46176218990590245, 0.4607641859138865, 0.46669518106643854, 0.4649272882805817, 0.46618192187054464, 0.4628457370972341, 0.4640433418876533, 0.46190476190476193, 0.46370116909039066, 0.4658967778728258, 0.4676076418591389, 0.4647276874821785, 0.464357000285144, 0.46478471628172224, 0.46461362988309096, 0.46723695466210435, 0.4660678642714571, 0.4634160250926718, 0.4641288850869689, 0.4635300826917593, 0.46678072426575423, 0.46506986027944114, 0.46498431708012544, 0.46663815226689476, 0.4637867122897063, 0.46800684345594523, 0.46820644425434843], "val_hits5": [0.0008269175933846593, 0.2772455089820359, 0.31471343028229254, 0.33139435414884516, 0.3424294268605646, 0.348759623609923, 0.3522954091816367, 0.35409181636726544, 0.35674365554605075, 0.3556601083547191, 0.3578272027373824, 0.35451953236384376, 0.3549187339606501, 0.35771314513829483, 0.36030795551753636, 0.3611633875106929, 0.3593384659252923, 0.35859709153122327, 0.35791274593669803, 0.36384374108925005, 0.3615340747077274, 0.3607927003136584, 0.3583404619332763, 0.358426005132592, 0.361391502708868, 0.36050755631593956, 0.35791274593669803, 0.35925292272597664, 0.36107784431137724, 0.35805531793555745, 0.3618477331052181, 0.360650128314799, 0.3609352723125178, 0.3645566010835472, 0.3610493299116054, 0.3589392643284859, 0.35588822355289423, 0.3593384659252923, 0.360136869118905, 0.35811234673510123, 0.360393498716852, 0.36087824351297404, 0.3626746506986028, 0.35719988594240093, 0.3586826347305389, 0.35976618192187054, 0.3618477331052181, 0.36161961790704306, 0.3588822355289421, 0.3552609067579127, 0.3596806387225549, 0.3579697747362418, 0.36056458511548334, 0.35811234673510123, 0.3588252067293983, 0.35970915312232676, 0.3628172226974622, 0.3642999714856002, 0.3647276874821785, 0.3612489307100086, 0.3615911035072712, 0.35916737952666095, 0.36213287710293696, 0.36330196749358423, 0.3615625891074993, 0.3615055603079555, 0.3608497291132022, 0.3617336755061306, 0.3631023666951811, 0.36372968349016255, 0.36293128029654975, 0.3609637867122897, 0.3647276874821785, 0.3596236099230111, 0.3648702594810379, 0.36087824351297404, 0.3628457370972341, 0.36293128029654975, 0.3618477331052181, 0.36518391787852866, 0.36669518106643856],