{"epoch": [0, 100, 200, 300, 400, 500, 600, 700, 800, 900, 1000], "val_mrr": [0.0008983332081697881, 0.20357491075992584, 0.23236951231956482, 0.24169982969760895, 0.249535471200943, 0.2545150816440582, 0.2577143609523773, 0.2640836536884308, 0.2663148045539856, 0.2654225528240204, 0.27042409777641296], "val_mr": [7331.02001953125, 246.16172790527344, 217.7171630859375, 209.54034423828125, 204.94590759277344, 203.0285186767578, 200.70111083984375, 199.94154357910156, 197.40921020507812, 198.09994506835938, 197.01637268066406], "val_hits10": [0.0008839463929284289, 0.36569717707442256, 0.41488451668092385, 0.4303393213572854, 0.4426005132591959, 0.4499572284003422, 0.4538351867693185, 0.4614200171086399, 0.4612204163102367, 0.4651554034787568, 0.46678072426575423], "val_hits5": [0.0005702879954376961, 0.2759623609923011, 0.31827773025377815, 0.32968349016253207, 0.34171656686626745, 0.3485600228115198, 0.3524950099800399, 0.3625035642999715, 0.3616481323068149, 0.36412888508696895, 0.3662674650698603], "val_hits3": [0.0003706871970345024, 0.21756487025948104, 0.25303678357570575, 0.26367265469061874, 0.27405189620758486, 0.2813800969489592, 0.28457370972341034, 0.28910749928714, 0.2925007128599943, 0.2915597376675221, 0.29749073282007416], "val_hits1": [0.00028514399771884804, 0.1245794126033647, 0.14508126603934987, 0.15152552038779585, 0.15768463073852296, 0.16053607071571144, 0.1630738522954092, 0.17023096663815226, 0.17194183062446536, 0.17011690903906473, 0.17570573139435414], "train_time": [20.040878534317017, 19.95419716835022, 19.882256984710693, 19.925087213516235, 19.88948631286621, 21.46698522567749, 21.42289161682129, 19.935296773910522, 19.944364070892334, 19.927546977996826, 19.968785762786865]}