{"epoch": [0, 100, 200, 300, 400, 500, 600, 700, 800, 900, 1000], "val_mrr": [0.1159176155924797, 0.16116994619369507, 0.23539073765277863, 0.25336146354675293, 0.25786668062210083, 0.2612532079219818, 0.2651205360889435, 0.26495593786239624, 0.2671584486961365, 0.26715752482414246, 0.2688900828361511], "val_mr": [7244.65380859375, 907.2291870117188, 364.3473205566406, 293.575927734375, 268.65838623046875, 256.7478332519531, 249.89453125, 245.99786376953125, 241.5030517578125, 240.0697784423828, 238.41445922851562], "val_hits10": [0.1157684630738523, 0.3009124607927003, 0.4161676646706587, 0.4437410892500713, 0.45220986598232105, 0.45620188195038497, 0.4611919019104648, 0.4639863130881095, 0.4675220986598232, 0.4690048474479612, 0.47008839463929286], "val_hits5": [0.1157684630738523, 0.22748788138009696, 0.32440832620473337, 0.34619332763045335, 0.3565155403478757, 0.36016538351867694, 0.36444254348445965, 0.3666096378671229, 0.36726546906187624, 0.36891930424864555, 0.36852010265183915], "val_hits3": [0.1157684630738523, 0.17744510978043912, 0.26027944111776447, 0.28129455374964357, 0.28639863130881094, 0.2885657256914742, 0.29635015682919874, 0.29538066723695466, 0.2956658112346735, 0.2971770744225834, 0.29937268320501853], "val_hits1": [0.1157684630738523, 0.09458226404334188, 0.1485600228115198, 0.16184773310521813, 0.16367265469061876, 0.16723695466210436, 0.16917593384659252, 0.16846307385229542, 0.1711434274308526, 0.16994582264043342, 0.17191331622469347], "train_time": [4.1254096031188965, 3.9837753772735596, 4.046882152557373, 4.044188022613525, 3.9132847785949707, 4.04754376411438, 4.0428454875946045, 4.048580884933472, 4.419342756271362, 4.033493518829346, 3.9150049686431885]}