{"epoch": [0, 100, 200, 300, 400, 500, 600, 700, 800, 900, 1000], "val_mrr": [0.0007770443917252123, 0.22721420228481293, 0.2433595359325409, 0.2522088289260864, 0.2548975646495819, 0.2588076591491699, 0.2593787908554077, 0.2605873942375183, 0.26270151138305664, 0.26377102732658386, 0.26556089520454407], "val_mr": [7336.24560546875, 226.61514282226562, 214.70130920410156, 208.9940185546875, 205.620361328125, 202.17343139648438, 200.4966583251953, 197.85218811035156, 197.13729858398438, 196.282470703125, 196.45648193359375], "val_hits10": [0.0009409751924721985, 0.4090675791274594, 0.43992015968063874, 0.4520102651839179, 0.4529227259766182, 0.4579697747362418, 0.46230396350156827, 0.4626746506986028, 0.46201881950384943, 0.46467065868263474, 0.46780724265754203], "val_hits5": [0.0003706871970345024, 0.3118619903051041, 0.3382663244938694, 0.3506415739948674, 0.35260906757912747, 0.35865412033076705, 0.3607356715141146, 0.35788423153692617, 0.3605360707157114, 0.3619332763045338, 0.36649558026803536], "val_hits3": [0.0002281151981750784, 0.2468776732249786, 0.2686056458511548, 0.278956372968349, 0.2818363273453094, 0.28679783290561733, 0.289848873681209, 0.28771029369831763, 0.290846877673225, 0.29227259766181923, 0.2952666096378671], "val_hits1": [0.00014257199885942402, 0.14083262047333903, 0.1491873396065013, 0.15674365554605074, 0.159652124322783, 0.16293128029654977, 0.1609923011120616, 0.16427145708582835, 0.16589677787282578, 0.16709438266324494, 0.16814941545480466], "train_time": [41.23278331756592, 41.433244466781616, 41.58668541908264, 40.60468363761902, 41.431058406829834, 42.11073160171509, 41.10123896598816, 40.964606046676636, 40.8262140750885, 41.39873719215393, 40.973928451538086]}