{"epoch": [0, 100, 200, 300, 400, 500, 600, 700, 800, 900, 1000], "val_mrr": [0.000757206988055259, 0.2642531394958496, 0.2789919674396515, 0.28280749917030334, 0.28491470217704773, 0.28776463866233826, 0.2925077974796295, 0.2912154495716095, 0.2954380214214325, 0.2965148389339447, 0.2990267872810364], "val_mr": [7371.8876953125, 216.92221069335938, 213.82957458496094, 206.786376953125, 205.86997985839844, 206.19894409179688, 203.77818298339844, 202.73895263671875, 201.85987854003906, 199.2918701171875, 200.04180908203125], "val_hits10": [0.0006273167949814657, 0.4606786427145709, 0.4722269746221842, 0.4775021385799829, 0.47889934416880525, 0.48366124893071, 0.4848588537211292, 0.48542914171656687, 0.4897918448816652, 0.4917308240661534, 0.4926432848588537], "val_hits5": [0.0003992015968063872, 0.36484174508126604, 0.37986883376104935, 0.3821499857428001, 0.3836327345309381, 0.388850869689193, 0.39409751924721986, 0.3909609352723125, 0.39828913601368693, 0.398260621613915, 0.3999714856002281], "val_hits3": [0.00034217279726261765, 0.2978899344168805, 0.3121471343028229, 0.31565440547476475, 0.317821499857428, 0.32070145423438834, 0.32783005417735955, 0.32540633019674936, 0.3281151981750784, 0.33196464214428284, 0.33447390932420873], "val_hits1": [0.00017108639863130882, 0.16757912745936698, 0.1832620473339036, 0.18719703450242373, 0.1895067008839464, 0.19215854006273167, 0.19683490162532077, 0.19563729683490164, 0.19954376960364983, 0.1994582264043342, 0.20333618477331053], "train_time": [117.50255870819092, 117.00552082061768, 117.09584259986877, 114.7941997051239, 122.47533059120178, 116.26387572288513, 116.98272752761841, 92.15005421638489, 122.1316819190979, 92.47381472587585, 92.45457029342651]}