{"epoch": [0], "val_mrr": [0.003539582248777151], "val_mr": [7394.037109375], "val_hits10": [0.0032791559737667523], "val_hits5": [0.003165098374679213], "val_hits3": [0.003136583974907328], "val_hits1": [0.0030795551753635586], "train_time": []}