{"epoch": [0], "val_mrr": [0.0038456141483038664], "val_mr": [7428.60986328125], "val_hits10": [0.0035072711719418307], "val_hits5": [0.003421727972626176], "val_hits3": [0.0033932135728542913], "val_hits1": [0.0033646991730824066], "train_time": []}