{"epoch": [0, 100, 200, 300, 400, 500, 600, 700, 800, 900, 1000], "val_mrr": [0.0007770443917252123, 0.2604374289512634, 0.269927442073822, 0.275994211435318, 0.28181037306785583, 0.2843679189682007, 0.285441517829895, 0.2878853380680084, 0.2912933826446533, 0.29112428426742554, 0.2927759885787964], "val_mr": [7336.24560546875, 222.2203369140625, 217.23016357421875, 217.45916748046875, 211.894775390625, 211.337646484375, 207.02964782714844, 206.03138732910156, 205.9933624267578, 204.68565368652344, 203.21160888671875], "val_hits10": [0.0009409751924721985, 0.4581408611348731, 0.4667522098659823, 0.47362418021100655, 0.47895637296834903, 0.48169375534645, 0.48303393213572854, 0.48394639292842884, 0.48619903051040775, 0.4867693185058454, 0.4903906472768748], "val_hits5": [0.0003706871970345024, 0.3582834331337325, 0.36806387225548903, 0.3752209865982321, 0.3798973481608212, 0.3848873681209011, 0.38451668092386654, 0.38867978329056174, 0.3894496720844026, 0.39144568006843455, 0.39395494724836044], "val_hits3": [0.0002281151981750784, 0.2907328200741374, 0.29865982321072143, 0.30715711434274307, 0.313857998289136, 0.31710863986313087, 0.31636726546906185, 0.320302252637582, 0.3215568862275449, 0.32229826062161393, 0.32244083262047335], "val_hits1": [0.00014257199885942402, 0.16515540347875676, 0.17550613059595097, 0.1808668377530653, 0.1866837753065298, 0.18916452808668377, 0.1913886512688908, 0.19238665526090676, 0.1975477616196179, 0.1964642144282863, 0.19840319361277445], "train_time": [130.08341264724731, 120.05563306808472, 123.38771080970764, 126.78174805641174, 123.67590308189392, 99.4046242237091, 104.27485275268555, 124.69874715805054, 100.90262126922607, 98.96026134490967, 99.2459077835083]}