{"epoch": [0, 100, 200, 300, 400, 500, 600, 700, 800, 900, 1000], "val_mrr": [0.11700083315372467, 0.23414117097854614, 0.25597384572029114, 0.2599111497402191, 0.2627002000808716, 0.2618473470211029, 0.26337242126464844, 0.2637645900249481, 0.2627447545528412, 0.2654537558555603, 0.26601314544677734], "val_mr": [7242.7060546875, 372.0749206542969, 275.4828186035156, 255.57936096191406, 248.39723205566406, 245.84963989257812, 243.2660369873047, 242.7522735595703, 242.4874267578125, 239.3968963623047, 238.5822296142578], "val_hits10": [0.11685201026518392, 0.41000855431993155, 0.4489877388080981, 0.4583689763330482, 0.46250356429997147, 0.4652979754776162, 0.4669518106643855, 0.46974622184203024, 0.4677216994582264, 0.471029369831765, 0.47302537781579695], "val_hits5": [0.11685201026518392, 0.3204733390362133, 0.35129740518962077, 0.3577701739378386, 0.3607927003136584, 0.36167664670658684, 0.36549757627601936, 0.3662389506700884, 0.3642144282862846, 0.3677216994582264, 0.36800684345594525], "val_hits3": [0.11685201026518392, 0.2594525235243798, 0.2826917593384659, 0.2888793840889649, 0.29087539207299684, 0.2902195608782435, 0.2928714000570288, 0.2949529512403764, 0.29127459366980324, 0.29295694325634447, 0.2952666096378671], "val_hits1": [0.11685201026518392, 0.1487881380096949, 0.163615625891075, 0.16467065868263472, 0.16720844026233248, 0.1656686626746507, 0.16680923866552608, 0.16595380667236956, 0.16569717707442258, 0.16874821785001426, 0.16860564585115484], "train_time": [8.607360124588013, 8.363097429275513, 8.483964204788208, 8.43084979057312, 8.462989091873169, 8.474506855010986, 8.605315208435059, 9.251323938369751, 8.440276145935059, 8.496586322784424, 8.320991516113281]}