{"epoch": [0], "val_mrr": [0.0008676408906467259], "val_mr": [7350.72021484375], "val_hits10": [0.0008269175933846593], "val_hits5": [0.0005132591958939265], "val_hits3": [0.0003706871970345024], "val_hits1": [0.00025662959794696324], "train_time": []}