{"epoch": [0, 100, 200, 300, 400, 500, 600, 700, 800, 900, 1000], "val_mrr": [0.0013148385332897305, 0.23274138569831848, 0.2514720559120178, 0.2555612623691559, 0.260405570268631, 0.26402097940444946, 0.2651735246181488, 0.26566281914711, 0.26790478825569153, 0.2722732424736023, 0.27109652757644653], "val_mr": [7339.22998046875, 222.9237518310547, 209.71751403808594, 209.68026733398438, 206.14671325683594, 204.21990966796875, 202.1730194091797, 200.46897888183594, 198.83421325683594, 195.79481506347656, 196.7940673828125], "val_hits10": [0.0013972055888223553, 0.41548331907613345, 0.4416025092671799, 0.4540347875677217, 0.458169375534645, 0.4609923011120616, 0.46618192187054464, 0.46800684345594523, 0.47025948103792414, 0.4770744225834046, 0.47482178500142574], "val_hits5": [0.0011405759908753922, 0.31602509267179923, 0.34422583404619334, 0.35001425719988594, 0.35751354433989163, 0.3626746506986028, 0.36384374108925005, 0.36578272027373826, 0.36820644425434845, 0.37402338180781297, 0.3737382378100941], "val_hits3": [0.0008839463929284289, 0.25429141716566867, 0.27924151696606786, 0.2825777017393784, 0.2923581408611349, 0.294810379241517, 0.2953236384374109, 0.2979754776161962, 0.30045623039635017, 0.3040205303678358, 0.3046763615625891], "val_hits1": [0.0006273167949814657, 0.14439692044482463, 0.15782720273738238, 0.16045052751639577, 0.16358711149130312, 0.16680923866552608, 0.16740804106073567, 0.16655260906757913, 0.169061876247505, 0.1735386370116909, 0.17145708582834332], "train_time": [40.66324305534363, 40.00145506858826, 40.25842595100403, 40.30624723434448, 77.61084198951721, 39.93252491950989, 41.178852796554565, 40.701557874679565, 40.56863975524902, 41.016106843948364, 40.02365016937256]}