{"epoch": [0, 100, 200, 300, 400, 500, 600, 700, 800, 900, 1000], "val_mrr": [0.001200667698867619, 0.2600766718387604, 0.2750404179096222, 0.28137919306755066, 0.28390973806381226, 0.286465585231781, 0.2901366949081421, 0.29144424200057983, 0.29407864809036255, 0.29703837633132935, 0.2975049912929535], "val_mr": [7378.310546875, 229.28460693359375, 224.81700134277344, 220.79469299316406, 218.37274169921875, 215.6604461669922, 215.35594177246094, 214.25523376464844, 213.038330078125, 212.19081115722656, 210.63995361328125], "val_hits10": [0.0011976047904191617, 0.4540347875677217, 0.4685201026518392, 0.4741089250071286, 0.48115198175078416, 0.4818933561448531, 0.48223552894211574, 0.48366124893071, 0.4868263473053892, 0.48942115768463074, 0.49090390647276877], "val_hits5": [0.000855431993156544, 0.3583404619332763, 0.37248360422013116, 0.3773310521813516, 0.3844881665240947, 0.3870829769033362, 0.38828058169375534, 0.38993441688052466, 0.391588252067294, 0.39783290561733675, 0.3970059880239521], "val_hits3": [0.0006558311947533504, 0.29201596806387226, 0.30741374394069004, 0.3140861134873111, 0.3162817222697462, 0.3172512118619903, 0.3236099230111206, 0.323267750213858, 0.3277445109780439, 0.3314798973481608, 0.329712004562304], "val_hits1": [0.0006273167949814657, 0.16447105788423153, 0.18043912175648702, 0.1866837753065298, 0.18879384088964926, 0.19207299686341603, 0.19577986883376106, 0.19677787282577702, 0.19974337040205303, 0.20182492158540064, 0.20305104077559166], "train_time": [111.98213529586792, 108.62569904327393, 108.5520167350769, 108.74985790252686, 109.0829849243164, 108.62059426307678, 109.39988970756531, 109.29976844787598, 109.10643124580383, 108.46948027610779, 108.7094886302948]}