{"epoch": [0, 100, 200, 300, 400, 500, 600, 700, 800, 900, 1000], "val_mrr": [0.11260933429002762, 0.2378762811422348, 0.2638240158557892, 0.26480305194854736, 0.2656431496143341, 0.266806036233902, 0.26860687136650085, 0.26833248138427734, 0.2696187198162079, 0.27164503931999207, 0.26924046874046326], "val_mr": [7316.2822265625, 361.45135498046875, 270.32269287109375, 251.4489288330078, 245.46495056152344, 242.7829132080078, 239.51687622070312, 236.44496154785156, 234.4108123779297, 232.5455322265625, 232.57125854492188], "val_hits10": [0.11246079270031366, 0.41343028229255774, 0.45697177074422585, 0.4640433418876533, 0.4675506130595951, 0.46780724265754203, 0.47268320501853434, 0.4704875962360992, 0.4751924721984602, 0.47587681779298546, 0.47296834901625323], "val_hits5": [0.11246079270031366, 0.32600513259195896, 0.3605930995152552, 0.36458511548331907, 0.367579127459367, 0.36894781864841747, 0.36968919304248643, 0.3718562874251497, 0.3728257770173938, 0.37425149700598803, 0.3725976618192187], "val_hits3": [0.11246079270031366, 0.2652694610778443, 0.29609352723125176, 0.2962360992301112, 0.29880239520958085, 0.30005702879954377, 0.3013401767892786, 0.30122611919019104, 0.3045052751639578, 0.3032506415739949, 0.3043056743655546], "val_hits1": [0.11246079270031366, 0.15058454519532363, 0.16966067864271456, 0.1686626746506986, 0.1675506130595951, 0.16877673224978615, 0.17057313943541488, 0.16966067864271456, 0.17043056743655546, 0.1737097234103222, 0.16968919304248645], "train_time": [9.002626419067383, 8.164482116699219, 8.657915592193604, 7.933045387268066, 7.932126522064209, 8.21970534324646, 8.445147037506104, 8.048361778259277, 7.931434154510498, 7.966158390045166, 8.120101928710938]}