{"epoch": [0, 100, 200, 300, 400, 500, 600, 700, 800, 900, 1000, 1100, 1200, 1300, 1400, 1500, 1600, 1700, 1800, 1900, 2000, 2100, 2200, 2300, 2400, 2500, 2600, 2700, 2800, 2900, 3000, 3100, 3200, 3300, 3400, 3500, 3600, 3700, 3800, 3900, 4000, 4100, 4200, 4300, 4400, 4500, 4600, 4700, 4800, 4900, 5000, 5100, 5200, 5300, 5400, 5500, 5600, 5700, 5800, 5900, 6000, 6100, 6200, 6300, 6400, 6500, 6600, 6700, 6800, 6900, 7000, 7100, 7200, 7300, 7400, 7500, 7600, 7700, 7800, 7900, 8000], "val_mrr": [0.11546094715595245, 0.2365531176328659, 0.26184239983558655, 0.2641202211380005, 0.2627916634082794, 0.26397135853767395, 0.2603421211242676, 0.25830402970314026, 0.26156002283096313, 0.25810736417770386, 0.25861096382141113, 0.26014238595962524, 0.2550869882106781, 0.2560557723045349, 0.2559112310409546, 0.2574061453342438, 0.25787353515625, 0.2591710090637207, 0.25945669412612915, 0.2602078318595886, 0.2608385682106018, 0.2595340609550476, 0.2618308961391449, 0.26059672236442566, 0.26462098956108093, 0.260954886674881, 0.2637711763381958, 0.26229605078697205, 0.2634344696998596, 0.26084643602371216, 0.26134777069091797, 0.26097601652145386, 0.2631719708442688, 0.26363348960876465, 0.262845903635025, 0.262676477432251, 0.26304003596305847, 0.26445573568344116, 0.26239731907844543, 0.2653760313987732, 0.26592472195625305, 0.2636103630065918, 0.2670365273952484, 0.2631245255470276, 0.26588279008865356, 0.2659967839717865, 0.26710236072540283, 0.2660200893878937, 0.26627346873283386, 0.26657602190971375, 0.26650524139404297, 0.2673628330230713, 0.2653416097164154, 0.2657841145992279, 0.2669520378112793, 0.26683536171913147, 0.26776042580604553, 0.26622307300567627, 0.2674419581890106, 0.2644454538822174, 0.26542624831199646, 0.26631852984428406, 0.2675480544567108, 0.2681311070919037, 0.2700994908809662, 0.2667787969112396, 0.2694112956523895, 0.2685048282146454, 0.265775203704834, 0.2669869065284729, 0.2687496542930603, 0.26750409603118896, 0.2677842974662781, 0.2676982879638672, 0.26953238248825073, 0.26854783296585083, 0.2678053379058838, 0.26596587896347046, 0.26839229464530945, 0.26906487345695496, 0.26873284578323364], "val_mr": [7257.67236328125, 374.08251953125, 281.53436279296875, 261.9385070800781, 250.242919921875, 246.93165588378906, 246.857177734375, 243.04421997070312, 243.00787353515625, 242.59751892089844, 240.54661560058594, 242.415771484375, 239.51329040527344, 239.7908172607422, 240.966064453125, 238.69122314453125, 242.16355895996094, 240.54417419433594, 240.57855224609375, 240.4071044921875, 238.65719604492188, 239.9414825439453, 241.26104736328125, 240.08810424804688, 240.7830352783203, 242.41448974609375, 241.4867401123047, 242.56358337402344, 242.4598846435547, 243.25161743164062, 243.79006958007812, 240.41978454589844, 241.16598510742188, 244.03895568847656, 246.0741424560547, 247.9154052734375, 246.1913299560547, 242.74729919433594, 244.9110870361328, 243.54129028320312, 243.61550903320312, 244.46458435058594, 244.2570037841797, 243.52638244628906, 245.35354614257812, 243.08505249023438, 246.26905822753906, 245.43455505371094, 245.32369995117188, 242.7218475341797, 242.38816833496094, 243.171630859375, 242.8612823486328, 241.66473388671875, 244.09677124023438, 243.7261505126953, 240.98194885253906, 242.44183349609375, 241.1597442626953, 242.8863067626953, 243.74624633789062, 242.03594970703125, 240.3658905029297, 241.1679229736328, 241.46697998046875, 243.79925537109375, 239.62001037597656, 240.48483276367188, 241.3458251953125, 242.4228057861328, 237.9915008544922, 239.33558654785156, 240.35272216796875, 238.203369140625, 239.281494140625, 239.81582641601562, 237.6721649169922, 239.82298278808594, 238.1962890625, 236.05271911621094, 234.1069793701172], "val_hits10": [0.11531223267750214, 0.41357285429141716, 0.45189620758483035, 0.46204733390362135, 0.4615340747077274, 0.4640433418876533, 0.46387225548902195, 0.46295979469632165, 0.46170516110635873, 0.46110635871114913, 0.4644425434844596, 0.4662104362703165, 0.46216139150270885, 0.4616766467065868, 0.46261762189905903, 0.46347305389221555, 0.46019389791844884, 0.4606216139150271, 0.46381522668947817, 0.46518391787852864, 0.46090675791274593, 0.46295979469632165, 0.4612774451097804, 0.46164813230681495, 0.46729398346164813, 0.46218990590248077, 0.4650413458796692, 0.4644995722840034, 0.46706586826347307, 0.46184773310521815, 0.4635871114913031, 0.4635300826917593, 0.46104932991160535, 0.46512688907898486, 0.462874251497006, 0.4612774451097804, 0.46144853150841175, 0.46823495865412035, 0.4634160250926718, 0.4671799258625606, 0.4685201026518392, 0.4664385514684916, 0.46783575705731395, 0.46541203307670376, 0.4647562018819504, 0.4699173082406615, 0.4674650698602794, 0.46988879384088966, 0.47125748502994014, 0.4674650698602794, 0.47191331622469346, 0.4667522098659823, 0.4654690618762475, 0.46954662104362704, 0.4668662674650699, 0.46757912745936697, 0.4668092386655261, 0.4717422298260622, 0.4678642714570858, 0.4665526090675791, 0.4670088394639293, 0.469803250641574, 0.46860564585115483, 0.4699173082406615, 0.47040205303678356, 0.46966067864271455, 0.4705731394354149, 0.4693755346449957, 0.47025948103792414, 0.4700313658397491, 0.47171371542629026, 0.471542629027659, 0.47025948103792414, 0.47100085543199316, 0.47025948103792414, 0.47211291702309666, 0.4724836042201312, 0.47396635300826917, 0.47439406900484743, 0.4743085258055318, 0.47291132021670945], "val_hits5": [0.11531223267750214, 0.3249215854006273, 0.356686626746507, 0.36498431708012546, 0.3642999714856002, 0.3657256914741945, 0.3648987738808098, 0.36293128029654975, 0.361391502708868, 0.36050755631593956, 0.3631023666951811, 0.3668092386655261, 0.35950955232392356, 0.3599372683205019, 0.36122041631023666, 0.363358996293128, 0.36016538351867694, 0.3613344739093242, 0.3644140290846878, 0.36444254348445965, 0.36067864271457084, 0.3652124322783005, 0.36110635871114916, 0.3627031650983747, 0.3660678642714571, 0.36318790989449673, 0.364357000285144, 0.36418591388651267, 0.36384374108925005, 0.3617621899059025, 0.3613629883090961, 0.36438551468491587, 0.3645280866837753, 0.3648987738808098, 0.3649558026803536, 0.3600798403193613, 0.3614485315084118, 0.3673510122611919, 0.3614485315084118, 0.3675220986598232, 0.36786427145708583, 0.3678927858568577, 0.36860564585115485, 0.364357000285144, 0.36575420587396634, 0.3694895922440833, 0.36695181066438554, 0.3714570858283433, 0.36866267465069863, 0.36852010265183915, 0.3690903906472769, 0.37031650983746794, 0.3690333618477331, 0.3679783290561734, 0.36894781864841747, 0.36837753065297973, 0.37011690903906475, 0.36946107784431137, 0.3677787282577702, 0.3648132306814941, 0.36720844026233246, 0.3684345594525235, 0.36749358426005135, 0.37008839463929283, 0.372027373823781, 0.36966067864271457, 0.37188480182492156, 0.3714000570287995, 0.3717137154262903, 0.3675506130595951, 0.3706016538351868, 0.3702024522383804, 0.36968919304248643, 0.3681494154548047, 0.37308240661534076, 0.3675220986598232, 0.3699458226404334, 0.36946107784431137, 0.37045908183632736, 0.3723980610208155, 0.37359566581123466],