{"epoch": [0, 100, 200, 300, 400, 500, 600, 700, 800, 900, 1000], "val_mrr": [0.11546094715595245, 0.2365531176328659, 0.2621557116508484, 0.2652493417263031, 0.26597440242767334, 0.26715007424354553, 0.26636803150177, 0.2661345601081848, 0.2686055302619934, 0.26904556155204773, 0.27095869183540344], "val_mr": [7257.67236328125, 374.08251953125, 281.678955078125, 262.11370849609375, 250.53915405273438, 246.18751525878906, 244.37608337402344, 241.76882934570312, 240.42172241210938, 239.4913330078125, 236.58631896972656], "val_hits10": [0.11531223267750214, 0.41357285429141716, 0.45183917878528657, 0.46196179070430565, 0.4643284858853721, 0.46632449386940406, 0.46849158825206727, 0.46834901625320785, 0.4705731394354149, 0.47137154262902764, 0.4747077274023382], "val_hits5": [0.11531223267750214, 0.3249215854006273, 0.3566581123467351, 0.3655260906757913, 0.36706586826347304, 0.3678927858568577, 0.36986027944111777, 0.3700028514399772, 0.3711149130310807, 0.37288280581693756, 0.37459366980325065], "val_hits3": [0.11531223267750214, 0.2643855146849159, 0.29338465925292273, 0.29780439121756486, 0.29894496720844027, 0.3003421727972626, 0.2996007984031936, 0.29766181921870544, 0.3030510407755917, 0.3018819503849444, 0.3054177359566581], "val_hits1": [0.11531223267750214, 0.14853150841174792, 0.16857713145138295, 0.16840604505275164, 0.16837753065297975, 0.17000285143997718, 0.16749358426005131, 0.16760764185913887, 0.17031650983746793, 0.17005988023952096, 0.17165668662674652], "train_time": [7.927987337112427, 8.08596682548523, 8.030475616455078, 7.991227149963379, 7.998819589614868, 8.249223709106445, 7.869969367980957, 7.995454788208008, 8.191534757614136, 7.867948770523071, 7.9826860427856445]}