{"epoch": [0, 100, 200, 300, 400, 500, 600, 700, 800, 900, 1000, 1100, 1200, 1300, 1400, 1500, 1600, 1700, 1800, 1900, 2000, 2100, 2200, 2300, 2400, 2500, 2600, 2700, 2800, 2900, 3000, 3100, 3200, 3300, 3400, 3500, 3600, 3700, 3800, 3900, 4000, 4100, 4200, 4300, 4400, 4500, 4600, 4700, 4800], "val_mrr": [0.0008676408906467259, 0.23289653658866882, 0.2523577809333801, 0.25736895203590393, 0.26342475414276123, 0.2643686830997467, 0.26452624797821045, 0.26525306701660156, 0.26663538813591003, 0.26915979385375977, 0.27111756801605225, 0.26856446266174316, 0.26865091919898987, 0.26856574416160583, 0.2662486433982849, 0.2660919725894928, 0.2644731402397156, 0.2640717625617981, 0.26445630192756653, 0.26234790682792664, 0.2652714252471924, 0.26311731338500977, 0.26210910081863403, 0.2633017897605896, 0.26107966899871826, 0.2657088041305542, 0.2612484395503998, 0.25935882329940796, 0.2625480592250824, 0.2609737515449524, 0.25956395268440247, 0.2589322626590729, 0.260308176279068, 0.25983235239982605, 0.2618834376335144, 0.25893670320510864, 0.2581152319908142, 0.26082488894462585, 0.2587522268295288, 0.25914648175239563, 0.2618667781352997, 0.25972509384155273, 0.26052141189575195, 0.2606399953365326, 0.26190879940986633, 0.2593638002872467, 0.2579931616783142, 0.2606557607650757, 0.25963708758354187], "val_mr": [7350.72021484375, 223.3284912109375, 209.62826538085938, 205.5132293701172, 203.11888122558594, 200.8776092529297, 197.28582763671875, 196.33726501464844, 197.3191375732422, 195.6725616455078, 194.76258850097656, 195.07000732421875, 197.32720947265625, 197.69874572753906, 198.57736206054688, 200.34359741210938, 200.30345153808594, 201.754150390625, 202.85423278808594, 204.84727478027344, 205.58377075195312, 208.9833221435547, 207.5974578857422, 206.11582946777344, 207.5517578125, 209.422607421875, 207.7611846923828, 211.07835388183594, 209.46726989746094, 209.64596557617188, 212.2787628173828, 210.3509521484375, 211.6387481689453, 212.48614501953125, 211.9852294921875, 212.923095703125, 215.31832885742188, 216.8886260986328, 216.12001037597656, 215.63775634765625, 213.115966796875, 212.75326538085938, 216.0872802734375, 217.02093505859375, 215.62571716308594, 216.45306396484375, 214.40350341796875, 216.01385498046875, 217.76747131347656], "val_hits10": [0.0008269175933846593, 0.41528371827773025, 0.4459652124322783, 0.4516110635871115, 0.4581978899344169, 0.46204733390362135, 0.46526946107784434, 0.4635871114913031, 0.4662104362703165, 0.47020245223838036, 0.4673795266609638, 0.4692044482463644, 0.4692329626461363, 0.4716281722269746, 0.4663530082691759, 0.4704305674365555, 0.46461362988309096, 0.4643855146849159, 0.46723695466210435, 0.461391502708868, 0.4660108354719133, 0.4619332763045338, 0.4609637867122897, 0.4630168234958654, 0.4590533219275734, 0.46216139150270885, 0.4592814371257485, 0.4583974907328201, 0.46045052751639576, 0.4590818363273453, 0.4568862275449102, 0.4602794411177645, 0.4568577131451383, 0.45868263473053894, 0.45953806672369546, 0.45868263473053894, 0.4523239235814086, 0.45737097234103224, 0.45420587396635304, 0.45642999714856003, 0.45842600513259196, 0.4575705731394354, 0.45697177074422585, 0.4571998859424009, 0.4549757627601939, 0.45731394354148847, 0.45560307955517537, 0.45697177074422585, 0.4545765611633875], "val_hits5": [0.0005132591958939265, 0.3166809238665526, 0.3440832620473339, 0.35431993156544056, 0.35845451953236385, 0.36142001710863986, 0.36261762189905905, 0.36313088109495295, 0.36549757627601936, 0.36911890504704875, 0.3692329626461363, 0.3679783290561734, 0.370287995437696, 0.36891930424864555, 0.3639577986883376, 0.36609637867122896, 0.3649272882805817, 0.3631593954947248, 0.36384374108925005, 0.3588252067293983, 0.36327345309381237, 0.3625035642999715, 0.3618477331052181, 0.36261762189905905, 0.35911035072711717, 0.363615625891075, 0.3566581123467351, 0.35694325634445395, 0.36062161391502706, 0.35768463073852297, 0.35811234673510123, 0.3564585115483319, 0.35711434274308523, 0.35765611633875105, 0.3561163387510693, 0.3554034787567722, 0.35121186199030513, 0.35317935557456515, 0.35286569717707444, 0.3553464499572284, 0.35862560593099513, 0.35600228115198174, 0.35508982035928144, 0.35700028514399773, 0.3558597091531223, 0.3555175363558597, 0.3537496435700028, 0.35548902195608784, 0.3555460507556316], "val_hits3": [0.0003706871970345024, 0.25677216994582264, 0.27798688337610494, 0.2838608497291132, 0.29272882805816935, 0.29292842885657255, 0.293555745651554, 0.29406900484744797, 0.2979184488166524, 0.30071285999429714, 0.3043341887653265, 0.2984887368120901, 0.30025662959794697, 0.2980895352152837, 0.29609352723125176, 0.2964071856287425, 0.29498146564014827, 0.29281437125748505, 0.29443969204448245, 0.2910464784716282, 0.2958083832335329, 0.29261477045908185, 0.29275734245794127, 0.293555745651554, 0.28959224408326206, 0.29726261762189904, 0.28959224408326206, 0.287624750499002, 0.2925007128599943, 0.2892785856857713, 0.2896777872825777, 0.2857142857142857, 0.28979184488166526, 0.28925007128599944, 0.2899344168805247, 0.2862560593099515, 0.2842885657256915, 0.2861705161106359, 0.2842885657256915, 0.28679783290561733, 0.2912460792700314, 0.2863701169090391, 0.2867122897063017, 0.2884231536926148, 0.28910749928714, 0.28699743370402053, 0.285143997718848, 0.29016253207869974, 0.2864556601083547], "val_hits1": [0.00025662959794696324, 0.14345594525235245, 0.15911035072711718, 0.1628457370972341, 0.16874821785001426, 0.1686626746506986, 0.16837753065297975, 0.16914741944682066, 0.16968919304248645, 0.17228400342172798, 0.17439406900484744, 0.17157114342743085, 0.1707157114342743, 0.1714856002281152, 0.1692614770459082, 0.16869118905047048, 0.1666381522668948, 0.1675220986598232, 0.16766467065868262, 0.1656401482748788, 0.16880524664955804, 0.16669518106643855, 0.16464214428286283, 0.16655260906757913, 0.16458511548331908, 0.1692044482463644, 0.16504134587966923, 0.163615625891075, 0.1656686626746507, 0.1645566010835472, 0.16338751069289992, 0.16367265469061876, 0.16401482748788138, 0.16338751069289992, 0.16726546906187625, 0.1632449386940405, 0.16506986027944112, 0.1675220986598232, 0.16484174508126603, 0.1639863130881095, 0.16649558026803535, 0.16458511548331908, 0.1666096378671229, 0.16595380667236956, 0.1678927858568577, 0.1641573994867408, 0.1628172226974622, 0.1656401482748788, 0.16529797547761618], "train_time": [39.90555024147034, 40.44923138618469, 39.83307194709778, 40.64007067680359, 39.76122999191284, 40.186615228652954, 40.330989599227905, 40.03513169288635, 40.80285453796387, 39.814650535583496, 41.12685489654541, 39.858288526535034, 39.66584920883179, 41.13205671310425, 40.2109637260437, 39.85246276855469, 43.647061586380005, 40.199450969696045, 39.681408166885376, 40.23725438117981, 40.52459645271301, 40.14638161659241, 40.302786111831665, 40.96657943725586, 40.23257541656494, 40.575939416885376, 40.70078706741333, 40.24471473693848, 40.28253674507141, 40.081193923950195, 40.14214015007019, 40.26841616630554, 39.864784240722656, 39.802637338638306, 39.71936321258545, 39.83277201652527, 41.181739807128906, 40.85787081718445, 42.014447927474976, 40.56338143348694, 40.36762595176697, 40.98260450363159, 40.682379961013794, 40.54057192802429, 40.52273178100586, 40.12246608734131, 39.84717297554016, 39.831419467926025, 39.74377512931824]}