{"epoch": [0, 100, 200, 300, 400, 500, 600, 700, 800, 900, 1000], "val_mrr": [0.0010006434749811888, 0.25583797693252563, 0.2740371525287628, 0.2809867262840271, 0.2841893136501312, 0.287746399641037, 0.28826549649238586, 0.2901093363761902, 0.29397666454315186, 0.29410597681999207, 0.29464325308799744], "val_mr": [7376.41943359375, 221.9814910888672, 216.20843505859375, 214.20242309570312, 210.65476989746094, 210.28936767578125, 207.22540283203125, 205.71102905273438, 202.4076690673828, 201.12686157226562, 198.71670532226562], "val_hits10": [0.0007984031936127744, 0.45585970915312235, 0.46914741944682065, 0.47462218420302255, 0.4780724265754206, 0.48169375534645, 0.4855146849158825, 0.4851725121186199, 0.49167379526660965, 0.48976333048189336, 0.49027658967778726], "val_hits5": [0.0005988023952095808, 0.3569147419446821, 0.3738237810094098, 0.3823781009409752, 0.3825491873396065, 0.38848018249215854, 0.38953521528371826, 0.39084687767322496, 0.39580838323353296, 0.3956372968349016, 0.39366980325064155], "val_hits3": [0.0004847447961220416, 0.2900484744796122, 0.3060165383518677, 0.31696606786427145, 0.31639577986883377, 0.3206444254348446, 0.3208155118334759, 0.32349586541203307, 0.32822925577416595, 0.32743085258055316, 0.32808668377530653], "val_hits1": [0.000427715996578272, 0.15819788993441689, 0.1785856857713145, 0.18428856572569147, 0.1893071000855432, 0.19198745366410036, 0.19252922725976618, 0.1943541488451668, 0.19766181921870546, 0.19837467921300256, 0.1988879384088965], "train_time": [100.94117832183838, 99.7372682094574, 99.88400197029114, 100.70711135864258, 100.37665557861328, 99.21185255050659, 107.7071897983551, 114.2545747756958, 114.18823480606079, 113.92576169967651, 83.04233932495117]}