{"epoch": [0, 100, 200, 300, 400, 500, 600, 700, 800, 900, 1000], "val_mrr": [0.0008676408906467259, 0.26321858167648315, 0.27625447511672974, 0.2803453803062439, 0.28372296690940857, 0.2886808514595032, 0.2915434241294861, 0.2924780547618866, 0.2957507371902466, 0.2952515184879303, 0.2978774607181549], "val_mr": [7350.72021484375, 226.02334594726562, 219.19789123535156, 217.10519409179688, 213.0149688720703, 212.31143188476562, 208.73504638671875, 207.95956420898438, 207.30584716796875, 204.84619140625, 204.02041625976562], "val_hits10": [0.0008269175933846593, 0.4573424579412603, 0.4706871970345024, 0.47639007698887936, 0.4779298545765612, 0.48169375534645, 0.48674080410607357, 0.4874251497005988, 0.4903051040775592, 0.4899914456800684, 0.49161676646706587], "val_hits5": [0.0005132591958939265, 0.36110635871114916, 0.37524950099800397, 0.3803535785571714, 0.38460222412318223, 0.3892500712859994, 0.39395494724836044, 0.39224408326204735, 0.3976047904191617, 0.3973481608212147, 0.39914456800684345], "val_hits3": [0.0003706871970345024, 0.2938408896492729, 0.30963786712289704, 0.3129740518962076, 0.31736526946107785, 0.32152837182777305, 0.3260906757912746, 0.3258340461933276, 0.33165098374679214, 0.33205018534359854, 0.3343313373253493], "val_hits1": [0.00025662959794696324, 0.16877673224978615, 0.1804676361562589, 0.18505845451953237, 0.18759623609923012, 0.19341317365269461, 0.19563729683490164, 0.1966067864271457, 0.1994297120045623, 0.19865982321072143, 0.20139720558882235], "train_time": [114.15640187263489, 114.29594874382019, 114.08676266670227, 114.27088785171509, 114.35331058502197, 114.02182102203369, 114.4955084323883, 116.35393786430359, 115.05608177185059, 113.54494047164917, 112.16947102546692]}