{"epoch": [0, 100, 200, 300, 400, 500, 600, 700, 800, 900, 1000], "val_mrr": [0.0010514562018215656, 0.2603221535682678, 0.27588826417922974, 0.28292548656463623, 0.2866133153438568, 0.2881099581718445, 0.2906980812549591, 0.29221808910369873, 0.29411688446998596, 0.2958044707775116, 0.2983955144882202], "val_mr": [7383.2041015625, 223.8262939453125, 217.60208129882812, 214.45791625976562, 211.94456481933594, 212.3772430419922, 209.42506408691406, 208.11878967285156, 207.08921813964844, 205.16529846191406, 205.13844299316406], "val_hits10": [0.0011976047904191617, 0.45335044197319646, 0.47085828343313374, 0.4753920729968634, 0.47775876817792984, 0.48223552894211574, 0.484402623324779, 0.48502994011976047, 0.4867122897063017, 0.49001996007984033, 0.4911605360707157], "val_hits5": [0.0007984031936127744, 0.35634445394924436, 0.3761904761904762, 0.38143712574850297, 0.38334759053321926, 0.3867978329056173, 0.39059024807527803, 0.38899344168805244, 0.3949244368406045, 0.3961505560307956, 0.39820359281437123], "val_hits3": [0.0005132591958939265, 0.29056173367550614, 0.30775591673795266, 0.3157399486740804, 0.3199600798403194, 0.319560878243513, 0.3239235814086113, 0.3236099230111206, 0.3253778157969775, 0.329712004562304, 0.3307100085543199], "val_hits1": [0.0003992015968063872, 0.1658682634730539, 0.18083832335329342, 0.1881950384944397, 0.19207299686341603, 0.19372683205018534, 0.19572284003421728, 0.1979184488166524, 0.1996007984031936, 0.19988594240091245, 0.2039349871685201], "train_time": [117.90367889404297, 120.70281529426575, 118.65496873855591, 116.40853786468506, 113.95161199569702, 116.63949584960938, 115.10001921653748, 114.31296682357788, 114.41849565505981, 116.13256669044495, 89.78963088989258]}