{"epoch": [0, 100, 200, 300, 400, 500, 600, 700, 800, 900, 1000], "val_mrr": [0.11700083315372467, 0.2789551615715027, 0.2896888554096222, 0.29294320940971375, 0.29487085342407227, 0.29640161991119385, 0.29996150732040405, 0.29924410581588745, 0.30201032757759094, 0.3011607229709625, 0.30369290709495544], "val_mr": [7242.7060546875, 262.0621643066406, 241.8254852294922, 238.95509338378906, 234.99472045898438, 235.2147979736328, 234.36358642578125, 234.30470275878906, 235.03834533691406, 233.6035614013672, 234.50453186035156], "val_hits10": [0.11685201026518392, 0.46732249786142, 0.47795836897633304, 0.4832050185343599, 0.4831479897348161, 0.4830909609352723, 0.483404619332763, 0.4846307385229541, 0.4853721129170231, 0.4865697177074423, 0.4861134873110921], "val_hits5": [0.11685201026518392, 0.3738237810094098, 0.3843741089250071, 0.3879954376960365, 0.3904191616766467, 0.39113202167094385, 0.39446820644425434, 0.39389791844881666, 0.3946392928428857, 0.395038494439692, 0.39731964642144285], "val_hits3": [0.11685201026518392, 0.3082691759338466, 0.3176504134587967, 0.322526375819789, 0.326489877388081, 0.32600513259195896, 0.33013972055888224, 0.3294268605645851, 0.331679498146564, 0.33048189335614486, 0.3337325349301397], "val_hits1": [0.11685201026518392, 0.18751069289991446, 0.19968634160250925, 0.20193897918448817, 0.2037353863701169, 0.2060450527516396, 0.21037924151696608, 0.20906757912745938, 0.21263187909894496, 0.21157684630738524, 0.21448531508411747], "train_time": [22.28152871131897, 63.58229088783264, 58.45022535324097, 65.6473183631897, 57.87702941894531, 65.40707588195801, 57.3957679271698, 64.06540083885193, 56.501572608947754, 63.751582622528076, 60.191425800323486]}