{"epoch": [0, 100, 200, 300, 400, 500, 600, 700, 800, 900, 1000], "val_mrr": [0.11546094715595245, 0.2792462408542633, 0.2934096157550812, 0.2975105047225952, 0.3004383146762848, 0.3019743859767914, 0.303532212972641, 0.30507317185401917, 0.3067428767681122, 0.3069150149822235, 0.3070710599422455], "val_mr": [7257.67236328125, 258.1763916015625, 237.87681579589844, 232.96444702148438, 229.84619140625, 229.697998046875, 229.32662963867188, 227.8140869140625, 226.8195037841797, 225.61825561523438, 225.23130798339844], "val_hits10": [0.11531223267750214, 0.46706586826347307, 0.4783860849729113, 0.4833190761334474, 0.4841174793270602, 0.4859138865126889, 0.48562874251497007, 0.48773880809808956, 0.48922155688622754, 0.48905047048759626, 0.48765326489877386], "val_hits5": [0.11531223267750214, 0.3741659538066724, 0.39039064727687484, 0.3943826632449387, 0.397519247219846, 0.3971485600228115, 0.398260621613915, 0.39837467921300257, 0.4026518391787853, 0.4026518391787853, 0.40191046478471626], "val_hits3": [0.11531223267750214, 0.31017964071856285, 0.3248360422013117, 0.32914171656686625, 0.3331337325349301, 0.3343313373253493, 0.33572854291417165, 0.3375534644995723, 0.3394639292842886, 0.3383233532934132, 0.3387225548902196], "val_hits1": [0.11531223267750214, 0.18751069289991446, 0.20216709438266325, 0.20615911035072712, 0.20849729113202167, 0.21086398631308811, 0.21271742229826063, 0.21437125748502994, 0.2161391502708868, 0.21662389506700883, 0.21696606786427144], "train_time": [52.9460084438324, 53.01520657539368, 54.14010787010193, 53.99809503555298, 57.842328786849976, 55.681784868240356, 60.01931309700012, 58.46308398246765, 56.81220889091492, 60.277162075042725, 56.7895188331604]}