{"epoch": [100, 200, 300, 400, 500, 600, 700, 800, 900, 1000], "val_mrr": [0.2626071572303772, 0.28005263209342957, 0.2842468023300171, 0.2896117568016052, 0.29041141271591187, 0.2907036244869232, 0.2943764328956604, 0.2967562675476074, 0.29716405272483826, 0.2993594706058502], "val_mr": [358.34088134765625, 308.9209899902344, 296.50164794921875, 290.2771301269531, 289.119873046875, 288.2161865234375, 286.0403137207031, 287.7020568847656, 284.96539306640625, 285.568359375], "val_hits10": [0.44385514684915883, 0.46073567151411465, 0.464357000285144, 0.4688337610493299, 0.46769318505845453, 0.4682919874536641, 0.47005988023952094, 0.4718277730253778, 0.4709153122326775, 0.4731679498146564], "val_hits5": [0.35745651554034785, 0.3752209865982321, 0.3784431137724551, 0.3832620473339036, 0.3816652409466781, 0.38491588252067294, 0.3872255489021956, 0.38979184488166524, 0.3895067008839464, 0.39181636726546903], "val_hits3": [0.29749073282007416, 0.3159680638722555, 0.3191046478471628, 0.32112917023096665, 0.3208155118334759, 0.32395209580838324, 0.32677502138579984, 0.32783005417735955, 0.32914171656686625, 0.3309096093527231], "val_hits1": [0.1709438266324494, 0.18922155688622755, 0.19355574565155403, 0.20119760479041915, 0.20290846877673224, 0.2020530367835757, 0.2069575135443399, 0.20943826632449386, 0.20980895352152837, 0.21206159110350728], "train_time": [59.85450601577759, 69.12079548835754, 69.2315149307251, 84.29507064819336, 69.38838076591492, 69.58700370788574, 69.59774899482727, 69.78220582008362, 69.8630039691925, 69.37408256530762, 70.41339945793152]}