{"epoch": [0, 100, 200, 300], "val_mrr": [0.5002437233924866, 0.5003057718276978, 0.5342665910720825, 0.8845252394676208], "val_mr": [3910.51416015625, 3260.973388671875, 3842.91796875, 1560.3118896484375], "val_hits10": [0.5001710863986313, 0.5001140575990876, 0.5341887653264898, 0.8845166809238666], "val_hits5": [0.5001140575990876, 0.5001140575990876, 0.5341887653264898, 0.8845166809238666], "val_hits3": [0.5000570287995437, 0.5001140575990876, 0.5341887653264898, 0.8845166809238666], "val_hits1": [0.5, 0.5001140575990876, 0.5341887653264898, 0.8845166809238666], "train_time": [347.13343334198, 346.66798281669617, 346.9944953918457, 347.00167441368103]}