{"epoch": [100, 200, 300, 400, 500, 600, 700, 800, 900, 1000], "val_mrr": [0.24664409458637238, 0.2604633867740631, 0.26787611842155457, 0.27303463220596313, 0.27748334407806396, 0.2808449864387512, 0.2833091616630554, 0.288196325302124, 0.2911098599433899, 0.29365289211273193], "val_mr": [267.4836730957031, 265.1892395019531, 264.28167724609375, 261.9488525390625, 257.4304504394531, 255.14462280273438, 251.23419189453125, 250.70558166503906, 248.2382049560547, 244.5892791748047], "val_hits10": [0.43855146849158827, 0.451725121186199, 0.458169375534645, 0.4637867122897063, 0.46709438266324493, 0.46723695466210435, 0.4702309666381523, 0.47271171941830625, 0.4765041345879669, 0.47658967778728256], "val_hits5": [0.34568006843455945, 0.3581408611348731, 0.3657256914741945, 0.3717992586256059, 0.379697747362418, 0.37932706016538353, 0.38052466495580267, 0.38762475049900197, 0.38953521528371826, 0.3904191616766467], "val_hits3": [0.27667522098659825, 0.29272882805816935, 0.29885942400912463, 0.30755631593954946, 0.31211861990305106, 0.31479897348160824, 0.31642429426860563, 0.32152837182777305, 0.32449386940404906, 0.32671799258625606], "val_hits1": [0.15232392358140862, 0.16638152266894782, 0.17490732820074137, 0.1791844881665241, 0.18320501853435986, 0.18771029369831765, 0.19110350727117195, 0.19572284003421728, 0.19894496720844027, 0.20228115198175078], "train_time": [222.86083483695984, 219.63846969604492, 219.00908541679382, 218.9151566028595, 212.9333086013794, 213.001478433609, 213.61724519729614, 215.01234936714172, 213.77685737609863, 218.7767276763916, 220.35165214538574]}