{"epoch": [0, 100, 200, 300, 400, 500, 600, 700, 800, 900, 1000], "val_mrr": [0.08441668003797531, 0.25191453099250793, 0.259260356426239, 0.27033504843711853, 0.2765071988105774, 0.27819833159446716, 0.2813158631324768, 0.2830594480037689, 0.28594067692756653, 0.2895364463329315, 0.2937970757484436], "val_mr": [7346.34326171875, 254.98497009277344, 261.5067443847656, 258.7423095703125, 254.24620056152344, 252.4365234375, 251.2181854248047, 247.87261962890625, 248.12860107421875, 245.08477783203125, 244.30702209472656], "val_hits10": [0.08423153692614771, 0.4379526660963787, 0.4459652124322783, 0.4568291987453664, 0.4584545195323638, 0.4646991730824066, 0.4662104362703165, 0.4673510122611919, 0.47040205303678356, 0.4733675506130596, 0.4782720273738238], "val_hits5": [0.08423153692614771, 0.3435414884516681, 0.3533504419731965, 0.3627031650983747, 0.37003136583974905, 0.3704020530367836, 0.373510122611919, 0.37661819218705445, 0.3798118049615056, 0.3859424009124608, 0.3895637296834902], "val_hits3": [0.08423153692614771, 0.2784145993726832, 0.2864556601083547, 0.29746221842030224, 0.30530367835757055, 0.30627316794981463, 0.30966638152266895, 0.31171941830624467, 0.3152837182777303, 0.3210151126318791, 0.3237810094097519], "val_hits1": [0.08423153692614771, 0.16161961790704304, 0.16880524664955804, 0.1802965497576276, 0.1870829769033362, 0.18842315369261478, 0.19187339606501283, 0.19318505845451953, 0.19640718562874251, 0.19908753920729969, 0.2045052751639578], "train_time": [273.32890152931213, 327.4735505580902, 325.67663955688477, 320.8141858577728, 323.98311829566956, 322.87434482574463, 320.989794254303, 319.72655272483826, 320.94817662239075, 321.40188455581665, 309.26050186157227]}