{"epoch": [0, 100, 200, 300], "val_mrr": [0.5002787113189697, 0.5004726052284241, 0.5004945397377014, 0.5009110569953918], "val_mr": [3911.864501953125, 2542.432373046875, 3628.384765625, 3135.033203125], "val_hits10": [0.5002566295979469, 0.5003421727972626, 0.500513259195894, 0.5008839463929284], "val_hits5": [0.5001140575990876, 0.5001425719988595, 0.5003136583974908, 0.5005417735956658], "val_hits3": [0.5000570287995437, 0.5000855431993156, 0.5002851439977188, 0.500484744796122], "val_hits1": [0.5, 0.5, 0.5002281151981751, 0.5004562303963501], "train_time": [277.59460282325745, 278.5542426109314, 276.59777641296387, 276.26235246658325]}