{"epoch": [0, 100, 200, 300], "val_mrr": [0.5002769231796265, 0.5030900239944458, 0.5051021575927734, 0.5021219253540039], "val_mr": [3885.89501953125, 2302.386962890625, 2159.157470703125, 2383.86474609375], "val_hits10": [0.5002281151981751, 0.5040775591673795, 0.5152837182777302, 0.5055317935557456], "val_hits5": [0.5001425719988595, 0.5028229255774166, 0.509153122326775, 0.5012831479897348], "val_hits3": [0.5000855431993156, 0.5025092671799258, 0.5025948103792415, 0.5003421727972626], "val_hits1": [0.5000285143997719, 0.5011976047904192, 0.5011405759908754, 0.5000570287995437], "train_time": [348.1483476161957, 344.23067593574524, 344.26733803749084, 344.29491686820984]}