{"epoch": [0, 100, 200, 300, 400, 500, 600, 700, 800, 900, 1000], "val_mrr": [0.11546094715595245, 0.28052306175231934, 0.292875736951828, 0.2970365583896637, 0.2980351150035858, 0.2995283305644989, 0.30314901471138, 0.3035680651664734, 0.30384165048599243, 0.30578699707984924, 0.3066680133342743], "val_mr": [7257.67236328125, 260.62103271484375, 239.08694458007812, 235.31155395507812, 231.35870361328125, 231.34091186523438, 230.33912658691406, 227.3746795654297, 227.6160888671875, 226.72340393066406, 226.25674438476562], "val_hits10": [0.11531223267750214, 0.4661534074707727, 0.4787852865697177, 0.4832905617336755, 0.48428856572569146, 0.4861134873110921, 0.4883376104932991, 0.4882235528942116, 0.4894781864841745, 0.489848873681209, 0.49050470487596237], "val_hits5": [0.11531223267750214, 0.3741374394069005, 0.3891645280866838, 0.39210151126318793, 0.39409751924721986, 0.39455374964357, 0.3996293128029655, 0.4006273167949815, 0.4031365839749073, 0.40219560878243515, 0.4033361847733105], "val_hits3": [0.11531223267750214, 0.3108639863130881, 0.32466495580268034, 0.3298260621613915, 0.33145138294838894, 0.33139435414884516, 0.3370972341032221, 0.3375534644995723, 0.33855146849158824, 0.3395779868833761, 0.3399201596806387], "val_hits1": [0.11531223267750214, 0.1895067008839464, 0.20108354719133162, 0.20550327915597377, 0.20595950955232392, 0.20846877673224978, 0.21132021670943826, 0.21174793270601655, 0.21169090390647277, 0.21459937268320503, 0.21534074707727402], "train_time": [23.482385396957397, 22.488487482070923, 22.711573600769043, 22.390339851379395, 22.498676538467407, 23.023075819015503, 22.659448623657227, 22.617501497268677, 22.53407645225525, 22.62827467918396, 22.48332953453064]}