{"epoch": [0, 100, 200, 300, 400, 500, 600, 700, 800, 900, 1000], "val_mrr": [0.0038456141483038664, 0.2662449777126312, 0.2739158570766449, 0.27993565797805786, 0.2840990424156189, 0.28870823979377747, 0.2872011363506317, 0.29098376631736755, 0.2935340702533722, 0.2953447997570038, 0.29668155312538147], "val_mr": [7428.60986328125, 203.89036560058594, 209.08934020996094, 207.64932250976562, 210.39649963378906, 207.95361328125, 208.91856384277344, 210.7187042236328, 210.08876037597656, 211.21551513671875, 213.2041015625], "val_hits10": [0.0035072711719418307, 0.4579982891360137, 0.464841745081266, 0.4731394354148845, 0.4784431137724551, 0.4810949529512404, 0.48001140575990875, 0.48568577131451385, 0.48622754491017967, 0.48771029369831764, 0.4898773880809809], "val_hits5": [0.003421727972626176, 0.3588252067293983, 0.3686911890504705, 0.3773025377815797, 0.3822640433418876, 0.38828058169375534, 0.3850014257199886, 0.3901625320786997, 0.39170230966638153, 0.39150270886797833, 0.3962646136298831], "val_hits3": [0.0033932135728542913, 0.29101796407185626, 0.3016823495865412, 0.30846877673224976, 0.3142857142857143, 0.32090105503279154, 0.3180496150556031, 0.32281151981750783, 0.32406615340747075, 0.32691759338465926, 0.3288565725691474], "val_hits1": [0.0033646991730824066, 0.17456515540347875, 0.1819788993441688, 0.1867122897063017, 0.1899059024807528, 0.1941545480467636, 0.19255774165953807, 0.19640718562874251, 0.19977188480182492, 0.2018819503849444, 0.20230966638152267], "train_time": [146.72146344184875, 147.0868787765503, 147.00486874580383, 148.02615332603455, 144.19722819328308, 144.81586289405823, 144.77089405059814, 144.7565460205078, 144.09556579589844, 126.4252245426178, 127.0373055934906]}