{"epoch": [0, 100, 200, 300, 400, 500, 600, 700, 800, 900, 1000], "val_mrr": [0.003539582248777151, 0.26209843158721924, 0.271476686000824, 0.2782900929450989, 0.2792902886867523, 0.2847464978694916, 0.28537043929100037, 0.28965941071510315, 0.2902161180973053, 0.29311689734458923, 0.29309627413749695], "val_mr": [7394.037109375, 216.89218139648438, 217.5232391357422, 216.36109924316406, 216.05215454101562, 218.17730712890625, 216.22463989257812, 215.0158233642578, 215.0452880859375, 215.15603637695312, 215.00108337402344], "val_hits10": [0.0032791559737667523, 0.4519247219846022, 0.4634160250926718, 0.47291132021670945, 0.47251211861990305, 0.47995437696036497, 0.4830909609352723, 0.4851725121186199, 0.48468776732249785, 0.4879669232962646, 0.488366124893071], "val_hits5": [0.003165098374679213, 0.3514399771884802, 0.3657256914741945, 0.37485029940119763, 0.3769318505845452, 0.38249215854006274, 0.3866552609067579, 0.3870829769033362, 0.3899629312802966, 0.39375534644995724, 0.39275734245794125], "val_hits3": [0.003136583974907328, 0.28714000570287995, 0.30045623039635017, 0.3063587111491303, 0.3080410607356715, 0.3167094382663245, 0.3157684630738523, 0.3208155118334759, 0.3233247790134018, 0.324750499001996, 0.32600513259195896], "val_hits1": [0.0030795551753635586, 0.17171371542629027, 0.17909894496720843, 0.18548617051611063, 0.18605645851154834, 0.1900769888793841, 0.1899059024807528, 0.19546621043627033, 0.19463929284288567, 0.19857428001140576, 0.1979754776161962], "train_time": [126.38586831092834, 128.25420427322388, 127.88717722892761, 127.46324157714844, 127.67838668823242, 125.55974268913269, 125.75466108322144, 125.16400194168091, 126.11886143684387, 126.30525016784668, 126.10840630531311]}