{"epoch": [0, 100, 200, 300, 400, 500, 600, 700, 800, 900, 1000], "val_mrr": [0.08373580127954483, 0.24901291728019714, 0.26438039541244507, 0.2694850265979767, 0.2751423418521881, 0.27837085723876953, 0.28390762209892273, 0.28401294350624084, 0.28723132610321045, 0.28956371545791626, 0.2928091287612915], "val_mr": [7254.65576171875, 257.46673583984375, 265.0212097167969, 264.4046630859375, 259.7569580078125, 260.07232666015625, 256.4275207519531, 254.22312927246094, 252.31671142578125, 249.97120666503906, 248.70407104492188], "val_hits10": [0.08354719133162247, 0.43550042771599656, 0.4483604220131166, 0.4534930139720559, 0.46050755631593954, 0.46104932991160535, 0.4662104362703165, 0.4658112346735101, 0.46909039064727687, 0.46994582264043344, 0.4729398346164813], "val_hits5": [0.08354719133162247, 0.3371542629027659, 0.3551753635585971, 0.3609352723125178, 0.3702024522383804, 0.3721129170230967, 0.3758197889934417, 0.37986883376104935, 0.38280581693755344, 0.38243512974051896, 0.38591388651268893], "val_hits3": [0.08354719133162247, 0.27251211861990304, 0.29050470487596236, 0.2963786712289706, 0.3042771599657827, 0.30624465355004277, 0.3130595950955232, 0.3134873110921015, 0.3184488166524095, 0.3213572854291417, 0.32335329341317365], "val_hits1": [0.08354719133162247, 0.16047904191616766, 0.17567721699458227, 0.18038209295694327, 0.18448816652409467, 0.18899344168805246, 0.19446820644425436, 0.19449672084402622, 0.19712004562303964, 0.20045623039635016, 0.2039064727687482], "train_time": [276.76371002197266, 276.09767627716064, 281.4367837905884, 278.50015234947205, 281.87108874320984, 277.91980624198914, 282.34278988838196, 279.6189811229706, 279.91585755348206, 286.63717341423035, 280.3856134414673]}