{"epoch": [0, 100, 200, 300, 400, 500, 600, 700, 800, 900, 1000], "val_mrr": [0.0010444791987538338, 0.27321383357048035, 0.2848914861679077, 0.2882869243621826, 0.2913486659526825, 0.29197704792022705, 0.2975921034812927, 0.29638779163360596, 0.29882171750068665, 0.2996349632740021, 0.30130887031555176], "val_mr": [7341.60498046875, 213.35206604003906, 213.3011474609375, 212.9949493408203, 208.55654907226562, 206.84585571289062, 206.98773193359375, 205.64573669433594, 203.54263305664062, 200.55645751953125, 200.69943237304688], "val_hits10": [0.0009694895922440832, 0.46683775306529796, 0.47755916737952664, 0.4808953521528372, 0.48502994011976047, 0.48996293128029655, 0.4900769888793841, 0.48862275449101794, 0.49369831765041344, 0.4929569432563444, 0.49540918163672654], "val_hits5": [0.0006558311947533504, 0.36991730824066155, 0.38314798973481606, 0.38776732249786144, 0.3903621328771029, 0.3946963216424294, 0.39652124322783006, 0.39592244083262046, 0.39854576561163385, 0.40025662959794694, 0.40290846877673225], "val_hits3": [0.0005417735956658112, 0.3038209295694326, 0.31696606786427145, 0.32038779583689764, 0.32406615340747075, 0.3247219846022241, 0.3311377245508982, 0.32974051896207585, 0.33210721414314226, 0.331936127744511, 0.33646991730824066], "val_hits1": [0.0004562303963501568, 0.17872825777017393, 0.19101796407185628, 0.19369831765041345, 0.19637867122897062, 0.1962646136298831, 0.2029940119760479, 0.20153977758768177, 0.2037353863701169, 0.20507556315939549, 0.2060450527516396], "train_time": [172.9680519104004, 172.99105763435364, 173.36463046073914, 175.6575310230255, 176.50765776634216, 156.0030117034912, 155.74734711647034, 156.22970342636108, 156.95563530921936, 156.03629207611084, 156.05275082588196]}