{"epoch": [0, 100, 200, 300], "val_mrr": [0.500268816947937, 0.5016244053840637, 0.500787615776062, 0.5009613633155823], "val_mr": [3913.760498046875, 1805.5936279296875, 1840.5224609375, 1961.518310546875], "val_hits10": [0.5001140575990876, 0.501710863986313, 0.5011405759908754, 0.5003706871970345], "val_hits5": [0.5000570287995437, 0.5009124607927004, 0.5, 0.5003706871970345], "val_hits3": [0.5000570287995437, 0.5006843455945252, 0.5, 0.5003706871970345], "val_hits1": [0.5, 0.5003421727972626, 0.5, 0.5003706871970345], "train_time": [353.53795886039734, 353.1874785423279, 353.491140127182, 353.3010103702545]}