{"epoch": [0, 50, 100, 150, 200, 250, 300, 350, 400, 450, 500], "val_mrr": [0.27816009521484375, 0.21672123670578003, 0.2629430592060089, 0.27322232723236084, 0.2764328420162201, 0.2817404866218567, 0.2859566807746887, 0.2894103527069092, 0.29181456565856934, 0.2935658395290375, 0.2971486747264862], "val_mr": [6775.8525390625, 543.5328369140625, 375.9142761230469, 339.6738586425781, 319.8243713378906, 310.17999267578125, 302.27685546875, 294.5089416503906, 292.69903564453125, 288.9685363769531, 288.3315124511719], "val_hits10": [0.2780724265754206, 0.3819788993441688, 0.43917878528656973, 0.4506130595950955, 0.45511833475905333, 0.461134873110921, 0.4613629883090961, 0.46327345309381235, 0.4664100370687197, 0.46800684345594523, 0.47159965782720276], "val_hits5": [0.2780724265754206, 0.29914456800684347, 0.3498716852010265, 0.36201881950384945, 0.36686626746506984, 0.37402338180781297, 0.37610493299116055, 0.38075278015397773, 0.38320501853435984, 0.3833761049329912, 0.388366124893071], "val_hits3": [0.2780724265754206, 0.24111776447105787, 0.2917593384659253, 0.30162532078699744, 0.3065297975477616, 0.31103507271171943, 0.31619617907043057, 0.3200741374394069, 0.32355289421157685, 0.323524379811805, 0.3277445109780439], "val_hits1": [0.2780724265754206, 0.1358140861134873, 0.17664670658682635, 0.1866837753065298, 0.18916452808668377, 0.19401197604790418, 0.19920159680638722, 0.20273738237810093, 0.20459081836327345, 0.20678642714570858, 0.2106928999144568], "train_time": [34.88664436340332, 34.64553165435791, 34.445207357406616, 34.41646099090576, 34.628411054611206, 34.62515926361084, 34.40777039527893, 34.40050911903381, 34.445027112960815, 34.42869281768799, 34.46451997756958]}