{"epoch": [20, 40, 60, 80, 100, 120, 140, 160, 180, 200], "val_mrr": [0.3175532817840576, 0.4131585955619812, 0.4183117151260376, 0.4236721694469452, 0.42349740862846375, 0.4222475588321686, 0.4257221221923828, 0.4279918968677521, 0.4299110770225525, 0.43613067269325256], "val_mr": [8855.130859375, 5047.80419921875, 4103.1943359375, 3580.015625, 3309.0859375, 3113.105712890625, 2956.13720703125, 2864.213623046875, 2737.57275390625, 2718.073486328125], "val_hits10": [0.4727, 0.5767, 0.5911, 0.5943, 0.5984, 0.5989, 0.6001, 0.5997, 0.6063, 0.6114], "val_hits5": [0.4091, 0.5069, 0.5168, 0.5212, 0.5239, 0.5238, 0.5235, 0.5266, 0.5303, 0.535], "val_hits3": [0.3597, 0.4546, 0.4602, 0.4655, 0.4666, 0.465, 0.4695, 0.4736, 0.4741, 0.4799], "val_hits1": [0.2375, 0.3305, 0.3317, 0.3376, 0.3356, 0.3341, 0.3377, 0.3393, 0.3403, 0.3484], "train_time": [381.2518048286438, 383.40431022644043, 385.3782227039337, 403.9745771884918, 381.2126202583313, 380.78443121910095, 384.2043809890747, 384.8870060443878, 382.37993574142456, 367.21999621391296, 371.3325500488281]}