{"epoch": [20, 40, 60, 80, 100, 120, 140, 160, 180, 200], "val_mrr": [0.13087283074855804, 0.16077102720737457, 0.17157414555549622, 0.18093733489513397, 0.1898638904094696, 0.20081280171871185, 0.2107320874929428, 0.21867290139198303, 0.2378491461277008, 0.2465021312236786], "val_mr": [929.0419921875, 844.9921875, 805.2183837890625, 771.2866821289062, 776.8941040039062, 785.3594970703125, 792.3043212890625, 837.9545288085938, 740.8952026367188, 677.3270874023438], "val_hits10": [0.2456, 0.3026, 0.3279, 0.3445, 0.3608, 0.3734, 0.3863, 0.4017, 0.425, 0.4388], "val_hits5": [0.1811, 0.2246, 0.2453, 0.2577, 0.2728, 0.2867, 0.2986, 0.3071, 0.3334, 0.3463], "val_hits3": [0.1393, 0.1758, 0.1895, 0.1996, 0.215, 0.2252, 0.2361, 0.2454, 0.2718, 0.28], "val_hits1": [0.0705, 0.0877, 0.0939, 0.1003, 0.1042, 0.1144, 0.1231, 0.1293, 0.1436, 0.1506], "train_time": [562.1293647289276, 569.9598736763, 570.0511889457703, 569.7063584327698, 566.5723743438721, 567.6693785190582, 562.6058113574982, 550.0265877246857, 507.0997815132141, 508.0996837615967, 508.4267659187317]}