{"epoch": [20, 40, 60, 80, 100, 120, 140, 160, 180, 200], "val_mrr": [0.17857763171195984, 0.25644052028656006, 0.30457764863967896, 0.3345372676849365, 0.3567395508289337, 0.3741534948348999, 0.38566288352012634, 0.39644432067871094, 0.4156176745891571, 0.4321470260620117], "val_mr": [802.9869995117188, 806.8504028320312, 852.8739013671875, 929.8284301757812, 925.5527954101562, 910.4329223632812, 945.7579956054688, 933.02197265625, 883.1326293945312, 831.45947265625], "val_hits10": [0.3487, 0.463, 0.5234, 0.5554, 0.5812, 0.5967, 0.6052, 0.6217, 0.634, 0.6483], "val_hits5": [0.2617, 0.3697, 0.4289, 0.464, 0.489, 0.5084, 0.52, 0.5375, 0.5534, 0.5708], "val_hits3": [0.2034, 0.3035, 0.3581, 0.3906, 0.4178, 0.4403, 0.4502, 0.462, 0.4822, 0.5005], "val_hits1": [0.0925, 0.1493, 0.1917, 0.2194, 0.2399, 0.2568, 0.2688, 0.2783, 0.2996, 0.3177], "train_time": [984.8002190589905, 978.8105161190033, 973.2013232707977, 973.5389230251312, 987.0954494476318, 973.9882004261017, 973.7538411617279, 973.2212421894073, 977.3559968471527, 974.3299400806427, 975.7189285755157]}