{"epoch": [20, 40, 60, 80, 100, 120, 140, 160, 180, 200], "val_mrr": [0.22550585865974426, 0.36412128806114197, 0.39949676394462585, 0.4089672267436981, 0.411801815032959, 0.41532349586486816, 0.41957786679267883, 0.4195866286754608, 0.42270347476005554, 0.4258233904838562], "val_mr": [7355.05029296875, 3350.914306640625, 2629.863525390625, 2307.689697265625, 2137.872314453125, 1977.3643798828125, 1883.968017578125, 1842.8922119140625, 1784.381591796875, 1769.93994140625], "val_hits10": [0.3686, 0.5457, 0.586, 0.6016, 0.6042, 0.6046, 0.6125, 0.612, 0.6161, 0.6155], "val_hits5": [0.3037, 0.4687, 0.5095, 0.5207, 0.5265, 0.5274, 0.534, 0.5328, 0.5369, 0.5366], "val_hits3": [0.2527, 0.4087, 0.4476, 0.4587, 0.4636, 0.4634, 0.4705, 0.4697, 0.476, 0.4763], "val_hits1": [0.1536, 0.2718, 0.3033, 0.3116, 0.3123, 0.3165, 0.3206, 0.32, 0.3227, 0.328], "train_time": [251.4298939704895, 247.4097797870636, 247.72101831436157, 244.52082228660583, 160.607670545578, 160.34665417671204, 160.131769657135, 160.76202487945557, 160.36432361602783, 159.74768090248108, 160.42249274253845]}