{"epoch": [0, 10, 20, 30, 40, 50, 60, 70, 80, 90, 100, 110, 120, 130, 140, 150, 160, 170, 180, 190, 200], "val_mrr": [0.5002787113189697, 0.503339409828186, 0.5021485090255737, 0.501287043094635, 0.5007384419441223, 0.5008525252342224, 0.5015993714332581, 0.5011821389198303, 0.5011798739433289, 0.5007588863372803, 0.5010401010513306, 0.5005975961685181, 0.5005796551704407, 0.5006291270256042, 0.5007872581481934, 0.500472366809845, 0.5009838342666626, 0.5014050602912903, 0.500712513923645, 0.5005818605422974, 0.5021029710769653], "val_mr": [3911.864501953125, 1740.2176513671875, 1671.19482421875, 1729.066650390625, 2307.01806640625, 2256.24560546875, 2031.3594970703125, 2193.35546875, 2248.253173828125, 2275.138916015625, 2014.9635009765625, 2123.326904296875, 2058.634033203125, 2094.726318359375, 2185.656494140625, 2566.440673828125, 2237.48095703125, 2427.319580078125, 2044.419677734375, 2575.04248046875, 1864.8070068359375], "val_hits10": [0.5002566295979469, 0.5052181351582549, 0.5014257199885942, 0.5012831479897348, 0.5010265183917878, 0.5006558311947533, 0.5013686911890505, 0.5008839463929284, 0.5018819503849444, 0.5003136583974908, 0.500484744796122, 0.5002566295979469, 0.5002851439977188, 0.5003136583974908, 0.5009409751924722, 0.5005988023952096, 0.5014257199885942, 0.5030795551753635, 0.5004562303963501, 0.500741374394069, 0.5023666951810665], "val_hits5": [0.5001140575990876, 0.5021100655831194, 0.5007128599942972, 0.5005702879954377, 0.5001996007984032, 0.5003992015968064, 0.5009409751924722, 0.5000570287995437, 0.5009409751924722, 0.5002566295979469, 0.5002566295979469, 0.5000855431993156, 0.5001140575990876, 0.5000855431993156, 0.5006843455945252, 0.5002566295979469, 0.5002281151981751, 0.5018249215854006, 0.5002851439977188, 0.5002281151981751, 0.501710863986313], "val_hits3": [0.5000570287995437, 0.5008554319931565, 0.5004562303963501, 0.5002851439977188, 0.5001140575990876, 0.5001996007984032, 0.5007698887938409, 0.5, 0.500484744796122, 0.5001996007984032, 0.5000570287995437, 0.5000285143997719, 0.5000855431993156, 0.5000855431993156, 0.5002566295979469, 0.5001425719988595, 0.5, 0.5001710863986313, 0.5001140575990876, 0.5001710863986313, 0.5011120615911036], "val_hits1": [0.5, 0.5001140575990876, 0.5000855431993156, 0.5000855431993156, 0.5000855431993156, 0.5000285143997719, 0.5002566295979469, 0.5, 0.5002851439977188, 0.5001425719988595, 0.5000285143997719, 0.5000285143997719, 0.5000285143997719, 0.5000285143997719, 0.5001425719988595, 0.5, 0.5, 0.5001140575990876, 0.5000855431993156, 0.5, 0.5008839463929284], "train_time": [275.95933985710144, 274.3428945541382, 274.17112016677856, 274.35262989997864, 274.2863817214966, 274.3535418510437, 274.40422201156616, 274.1935396194458, 275.77684783935547, 274.41933727264404, 274.3338077068329, 274.4879767894745, 276.69119095802307, 276.94291377067566, 276.40114307403564, 275.6737267971039, 275.21672105789185, 276.9154143333435, 278.8580985069275, 277.83898305892944, 278.1576702594757]}