{"epoch": [0, 100, 200], "val_mrr": [0.11546094715595245, 0.27612873911857605, 0.2931880056858063], "val_mr": [7257.67236328125, 264.2366943359375, 240.3352508544922], "val_hits10": [0.11531223267750214, 0.4637296834901625, 0.4799828913601369], "val_hits5": [0.11531223267750214, 0.3701454234388366, 0.38913601368691186], "val_hits3": [0.11531223267750214, 0.30570287995437695, 0.3261477045908184], "val_hits1": [0.11531223267750214, 0.18485885372112917, 0.20168234958654122], "train_time": [16.053151845932007, 14.967818260192871, 15.625800609588623]}