{"epoch": [0, 10, 20, 30, 40, 50, 60, 70, 80, 90, 100, 110, 120, 130, 140, 150, 160, 170, 180, 190, 200], "val_mrr": [0.5002787113189697, 0.5067831873893738, 0.5056126713752747, 0.5008682608604431, 0.5008429288864136, 0.5006964802742004, 0.5004093647003174, 0.5002880692481995, 0.502166211605072, 0.5011316537857056, 0.5012313723564148, 0.5007092356681824, 0.5013436079025269, 0.5019264221191406, 0.5008742213249207, 0.5008177161216736, 0.5012649893760681, 0.500761866569519, 0.5008492469787598, 0.5013920664787292, 0.501632809638977], "val_mr": [3911.864501953125, 1541.8060302734375, 1690.396484375, 1846.3602294921875, 1868.751220703125, 2050.437744140625, 2866.298828125, 3096.322021484375, 2183.70654296875, 1863.074951171875, 1714.379638671875, 1886.2916259765625, 1794.87744140625, 1862.555908203125, 1939.367431640625, 2002.929931640625, 1829.9345703125, 2073.8974609375, 1810.6358642578125, 1821.8885498046875, 1839.2076416015625], "val_hits10": [0.5002566295979469, 0.5139435414884517, 0.506928999144568, 0.5005988023952096, 0.5005988023952096, 0.500484744796122, 0.5002566295979469, 0.5002851439977188, 0.5039920159680639, 0.5016538351867693, 0.5009694895922441, 0.5005417735956658, 0.501482748788138, 0.5029369831765041, 0.5005417735956658, 0.5008269175933847, 0.5021100655831194, 0.5007128599942972, 0.5010835471913316, 0.5015968063872256, 0.5015397775876818], "val_hits5": [0.5001140575990876, 0.5067008839463929, 0.5053607071571143, 0.5003421727972626, 0.5003706871970345, 0.5001710863986313, 0.5001140575990876, 0.5, 0.5020245223838038, 0.500741374394069, 0.5000855431993156, 0.5004277159965783, 0.5007128599942972, 0.5006558311947533, 0.5002851439977188, 0.5005417735956658, 0.500741374394069, 0.5002851439977188, 0.5003706871970345, 0.5011976047904192, 0.5010835471913316], "val_hits3": [0.5000570287995437, 0.5037639007698888, 0.5047333903621328, 0.5002851439977188, 0.5002281151981751, 0.5000570287995437, 0.5000570287995437, 0.5, 0.5015112631879098, 0.5002851439977188, 0.5000285143997719, 0.5001425719988595, 0.500484744796122, 0.500484744796122, 0.5002281151981751, 0.5001710863986313, 0.5003992015968064, 0.5001710863986313, 0.5001996007984032, 0.500484744796122, 0.5007698887938409], "val_hits1": [0.5, 0.501482748788138, 0.5032506415739949, 0.5, 0.5000855431993156, 0.5000285143997719, 0.5000285143997719, 0.5, 0.5006843455945252, 0.5000285143997719, 0.5000285143997719, 0.5, 0.5000285143997719, 0.5001996007984032, 0.5001140575990876, 0.5000285143997719, 0.5, 0.5000570287995437, 0.5000285143997719, 0.5003136583974908, 0.5002566295979469], "train_time": [274.54952597618103, 274.68442964553833, 275.2815339565277, 274.13495421409607, 274.6241445541382, 274.11650371551514, 273.9962785243988, 273.84988713264465, 274.5922770500183, 274.161278963089, 276.5983085632324, 273.878968000412, 275.1479604244232, 275.51278138160706, 274.4553828239441, 274.1702058315277, 274.15099716186523, 274.4855201244354, 274.48539996147156, 274.2756860256195, 274.57848477363586]}