{"epoch": [0, 10, 20, 30, 40, 50, 60, 70, 80, 90, 100, 110, 120, 130, 140, 150, 160, 170, 180, 190, 200], "val_mrr": [0.5002787113189697, 0.508577287197113, 0.5141506195068359, 0.5026902556419373, 0.5004759430885315, 0.5003529787063599, 0.5010584592819214, 0.5006881356239319, 0.5009286403656006, 0.501154363155365, 0.5013976693153381, 0.5015120506286621, 0.5009307861328125, 0.5006527304649353, 0.5010871291160583, 0.500540018081665, 0.5005572438240051, 0.5007922649383545, 0.5005163550376892, 0.5006638765335083, 0.5002555847167969], "val_mr": [3911.864501953125, 1403.251953125, 1377.897705078125, 1459.96142578125, 2236.27783203125, 2417.047607421875, 1998.58251953125, 2371.1494140625, 2236.419921875, 2440.855712890625, 2228.933837890625, 2185.426513671875, 2770.191650390625, 2496.8466796875, 2612.296630859375, 2940.349609375, 3179.530029296875, 3436.420654296875, 3955.674560546875, 3329.255615234375, 3884.160400390625], "val_hits10": [0.5002566295979469, 0.5161676646706587, 0.5356144853150842, 0.5034502423723981, 0.5003136583974908, 0.5000570287995437, 0.5000855431993156, 0.5003136583974908, 0.5006558311947533, 0.5002851439977188, 0.5025948103792415, 0.5021385799828914, 0.5021670943826633, 0.5007984031936128, 0.501226119190191, 0.5006558311947533, 0.5006843455945252, 0.5007984031936128, 0.5004562303963501, 0.5004277159965783, 0.5003992015968064], "val_hits5": [0.5001140575990876, 0.513116623895067, 0.5223552894211577, 0.5014257199885942, 0.5001140575990876, 0.5, 0.5000570287995437, 0.5001710863986313, 0.5001996007984032, 0.5000285143997719, 0.5008269175933847, 0.5005417735956658, 0.5006843455945252, 0.5003706871970345, 0.5008554319931565, 0.5003421727972626, 0.5003421727972626, 0.5005702879954377, 0.5003421727972626, 0.5003992015968064, 0.5001996007984032], "val_hits3": [0.5000570287995437, 0.5042486455660108, 0.5158540062731679, 0.500998003992016, 0.5000285143997719, 0.5, 0.5000285143997719, 0.5000855431993156, 0.5001425719988595, 0.5, 0.5005988023952096, 0.5000855431993156, 0.5005702879954377, 0.5000285143997719, 0.500484744796122, 0.5001425719988595, 0.5002566295979469, 0.500513259195894, 0.5003421727972626, 0.5003421727972626, 0.5], "val_hits1": [0.5, 0.5008839463929284, 0.5021956087824351, 0.5003421727972626, 0.5000285143997719, 0.5, 0.5, 0.5, 0.5001425719988595, 0.5, 0.5000285143997719, 0.5000285143997719, 0.5000570287995437, 0.5, 0.5003136583974908, 0.5000285143997719, 0.5001996007984032, 0.5002851439977188, 0.5002566295979469, 0.5002566295979469, 0.5], "train_time": [31.806121110916138, 28.805554151535034, 28.216079711914062, 27.989264726638794, 27.87227153778076, 28.028748512268066, 27.921724319458008, 27.934727668762207, 27.893848180770874, 27.839895725250244, 27.868339776992798, 27.820820808410645, 27.90465521812439, 30.25131607055664, 28.225889205932617, 28.31548810005188, 28.224342107772827, 27.878356218338013, 27.839995861053467, 27.823716402053833, 28.203572750091553]}