{"epoch": [0, 10, 20, 30, 40, 50, 60, 70, 80, 90, 100, 110, 120, 130, 140, 150, 160, 170, 180, 190, 200], "val_mrr": [0.5002787113189697, 0.5060520768165588, 0.5019049048423767, 0.5024448037147522, 0.5013384222984314, 0.5004538893699646, 0.5003686547279358, 0.5002509355545044, 0.5003504157066345, 0.5008592009544373, 0.5010868906974792, 0.5025528073310852, 0.5020445585250854, 0.5014974474906921, 0.5045600533485413, 0.502736508846283, 0.5049760937690735, 0.5025116205215454, 0.5009176135063171, 0.5011692047119141, 0.502895176410675], "val_mr": [3911.864501953125, 1569.2919921875, 1624.56494140625, 1585.306640625, 1775.199951171875, 2973.04052734375, 3057.614990234375, 3130.40087890625, 2630.92919921875, 2212.0361328125, 2231.45263671875, 2005.508056640625, 2049.547119140625, 1939.0216064453125, 1730.5196533203125, 1821.3612060546875, 2138.390625, 1886.789794921875, 2031.447509765625, 2030.285888671875, 1899.059814453125], "val_hits10": [0.5002566295979469, 0.5130595950955232, 0.5020815511833476, 0.5022811519817508, 0.5013401767892786, 0.5003136583974908, 0.5002281151981751, 0.5001425719988595, 0.5001996007984032, 0.500741374394069, 0.5007698887938409, 0.503706871970345, 0.5023666951810665, 0.5007984031936128, 0.5098089535215283, 0.5050185343598518, 0.5067293983461648, 0.5041060735671514, 0.5006558311947533, 0.5013116623895068, 0.5043627031650983], "val_hits5": [0.5001140575990876, 0.5070715711434274, 0.5006273167949815, 0.501226119190191, 0.5006558311947533, 0.5001996007984032, 0.5000285143997719, 0.5000570287995437, 0.5001140575990876, 0.5003992015968064, 0.5003136583974908, 0.5003421727972626, 0.5011690903906473, 0.5002851439977188, 0.5028514399771885, 0.5017964071856288, 0.5034502423723981, 0.5025092671799258, 0.5004562303963501, 0.5005417735956658, 0.500741374394069], "val_hits3": [0.5000570287995437, 0.503706871970345, 0.5002851439977188, 0.5008554319931565, 0.500513259195894, 0.5001140575990876, 0.5000285143997719, 0.5000285143997719, 0.5000570287995437, 0.5003421727972626, 0.5001996007984032, 0.5001710863986313, 0.5007984031936128, 0.5001710863986313, 0.501482748788138, 0.5006273167949815, 0.5024522383803821, 0.5010265183917878, 0.5003421727972626, 0.5001996007984032, 0.5004277159965783], "val_hits1": [0.5, 0.500998003992016, 0.5, 0.5004562303963501, 0.5003421727972626, 0.5000285143997719, 0.5, 0.5, 0.5, 0.5001425719988595, 0.5, 0.5000285143997719, 0.5002851439977188, 0.5, 0.5000285143997719, 0.5001996007984032, 0.5003992015968064, 0.5000570287995437, 0.5002566295979469, 0.5000285143997719, 0.5001996007984032], "train_time": [279.8321213722229, 280.1897642612457, 280.6793146133423, 280.65533208847046, 281.7255504131317, 281.33451414108276, 280.86275124549866, 280.79880237579346, 280.8002095222473, 281.28080224990845, 281.19161343574524, 281.3391795158386, 280.92043352127075, 280.8271188735962, 281.1063792705536, 279.7094657421112, 280.81757402420044, 278.6607801914215, 278.9782967567444, 279.40764117240906, 279.52705550193787]}