{"epoch": [10, 20, 30, 40, 50, 60, 70, 80, 90, 100], "val_mrr": [0.1896631270647049, 0.21471597254276276, 0.21522299945354462, 0.22247512638568878, 0.2288343757390976, 0.23246704041957855, 0.23160718381404877, 0.23061445355415344, 0.23737460374832153, 0.23487834632396698], "val_mr": [280.6097106933594, 229.45574951171875, 210.27044677734375, 199.014892578125, 195.8219451904297, 191.5559539794922, 190.60589599609375, 187.3979034423828, 188.51585388183594, 188.75465393066406], "val_hits10": [0.3405, 0.3807, 0.3836, 0.3928, 0.4071, 0.4146, 0.4124, 0.4134, 0.4204, 0.4175], "val_hits5": [0.2617, 0.2933, 0.2979, 0.307, 0.3109, 0.3141, 0.3172, 0.3175, 0.3244, 0.3196], "val_hits3": [0.2078, 0.2333, 0.2344, 0.2437, 0.2519, 0.2499, 0.2524, 0.2519, 0.2604, 0.2568], "val_hits1": [0.1149, 0.1333, 0.1319, 0.1369, 0.1416, 0.1461, 0.1429, 0.1419, 0.1479, 0.1464]}