{"epoch": [100, 200, 300, 400, 500, 600, 700, 800, 900, 1000], "val_mrr": [0.23900070786476135, 0.2714950144290924, 0.2814687490463257, 0.2857527434825897, 0.288173109292984, 0.28826338052749634, 0.28813666105270386, 0.2893184423446655, 0.290029376745224, 0.29432591795921326], "val_mr": [303.99481201171875, 224.8903045654297, 213.6446075439453, 209.33970642089844, 206.8386993408203, 207.28065490722656, 205.84080505371094, 206.49664306640625, 204.78085327148438, 204.806396484375], "val_hits10": [0.4258, 0.4631, 0.4765, 0.4846, 0.4833, 0.4886, 0.4833, 0.4836, 0.4856, 0.4871], "val_hits5": [0.3324, 0.3705, 0.3815, 0.3851, 0.3887, 0.3917, 0.3915, 0.3879, 0.3914, 0.3908], "val_hits3": [0.2652, 0.3034, 0.3133, 0.3189, 0.3218, 0.3205, 0.3202, 0.3205, 0.3224, 0.3267], "val_hits1": [0.1493, 0.177, 0.1857, 0.1895, 0.1923, 0.1915, 0.1931, 0.1956, 0.1948, 0.2004]}