{"epoch": [5], "val_mrr": [0.18614737689495087], "val_mr": [225.63534545898438], "val_hits10": [0.3272], "val_hits5": [0.2475], "val_hits3": [0.1966], "val_hits1": [0.1163]}