{"epoch": [10, 20, 30, 40, 50, 60, 70, 80, 90, 100], "val_mrr": [0.003892426611855626, 0.0119776064530015, 0.06397344172000885, 0.1320444941520691, 0.17116375267505646, 0.19341936707496643, 0.21460874378681183, 0.2300741970539093, 0.2398301213979721, 0.24873566627502441], "val_mr": [7472.0498046875, 3595.26318359375, 2428.011962890625, 1314.528564453125, 799.3257446289062, 565.4798583984375, 446.73968505859375, 376.8836975097656, 333.8232421875, 302.26080322265625], "val_hits10": [0.0039, 0.0216, 0.1429, 0.2618, 0.331, 0.3646, 0.388, 0.4054, 0.4161, 0.43], "val_hits5": [0.0036, 0.0118, 0.0943, 0.1906, 0.2479, 0.2808, 0.3075, 0.3204, 0.3313, 0.3441], "val_hits3": [0.0035, 0.0087, 0.0663, 0.1443, 0.1913, 0.2173, 0.2442, 0.2576, 0.2686, 0.2779], "val_hits1": [0.0033, 0.0024, 0.0271, 0.0721, 0.0964, 0.1127, 0.1288, 0.1442, 0.1531, 0.1598]}