{"epoch": [10, 20, 30, 40, 50, 60, 70, 80, 90, 100], "val_mrr": [0.003712922567501664, 0.010775070637464523, 0.07320158928632736, 0.15122388303279877, 0.18933337926864624, 0.21128222346305847, 0.222259983420372, 0.2299928218126297, 0.23913449048995972, 0.24501653015613556], "val_mr": [7459.1416015625, 3720.647216796875, 2323.03271484375, 1217.7301025390625, 747.25341796875, 537.9881591796875, 434.5489501953125, 372.8078918457031, 333.6514587402344, 305.5184020996094], "val_hits10": [0.0036, 0.0242, 0.1719, 0.2941, 0.3438, 0.3717, 0.3865, 0.4003, 0.4126, 0.4216], "val_hits5": [0.0033, 0.0038, 0.1154, 0.2289, 0.2693, 0.2937, 0.3083, 0.3182, 0.3277, 0.3343], "val_hits3": [0.0033, 0.0026, 0.0803, 0.177, 0.2169, 0.2374, 0.2484, 0.2554, 0.264, 0.2721], "val_hits1": [0.0032, 0.0023, 0.028, 0.0798, 0.1127, 0.1323, 0.1404, 0.1461, 0.1546, 0.1586]}